,0
0,All
1,kPCA_rbf-25
2,kPCA_linear-25
3,TruncatedSVD_100
4,TruncatedSVD_150
5,TruncatedSVD_200
6,TruncatedSVD_300
7,TruncatedSVD_400
8,TruncatedSVD_500
9,TruncatedSVD_600
10,TruncatedSVD_700
11,TruncatedSVD_800
12,TruncatedSVD_900
13,TruncatedSVD_1000
14,LDA
15,PCA Full
16,PCA_513
17,PCA_2
18,PCA_3
19,PCA_4
20,PCA_5
21,PCA_6
22,PCA_7
23,PCA_8
24,PCA_9
25,PCA_10
26,PCA_1
27,PCA_12
28,PCA_13
29,PCA_14
30,PCA_15
31,PCA_16
32,PCA_17
33,PCA_18
34,PCA_19
35,PCA_20
36,PCA_21
37,PCA_22
38,PCA_23
39,PCA_24
40,PCA_26
41,PCA_27
42,PCA_29
43,PCA_30
44,PCA_31
45,PCA_32
46,PCA_34
47,PCA_35
48,PCA_36
49,PCA_38
50,PCA_39
51,PCA_1064
52,PCA_41
53,PCA_42
54,PCA_44
55,PCA_45
56,PCA_46
57,PCA_47
58,PCA_560
59,PCA_49
60,PCA_50
61,PCA_54
62,PCA_55
63,PCA_53
64,PCA_57
65,PCA_60
66,PCA_61
67,PCA_63
68,PCA_65
69,PCA_66
70,PCA_70
71,PCA_71
72,PCA_74
73,PCA_75
74,PCA_76
75,PCA_78
76,PCA_79
77,PCA_85
78,PCA_90
79,PCA_93
80,PCA_96
81,PCA_101
82,PCA_616
83,PCA_105
84,PCA_109
85,PCA_116
86,PCA_121
87,PCA_124
88,PCA_126
89,PCA_132
90,PCA_136
91,PCA_142
92,PCA_146
93,PCA_152
94,PCA_667
95,PCA_157
96,PCA_1184
97,PCA_162
98,PCA_167
99,PCA_172
100,PCA_181
101,PCA_191
102,PCA_709
103,PCA_201
104,PCA_214
105,PCA_229
106,PCA_242
107,PCA_251
108,PCA_780
109,PCA_271
110,PCA_282
111,PCA_294
112,PCA_1331
113,PCA_316
114,PCA_342
115,PCA_857
116,PCA_361
117,PCA_390
118,PCA_418
119,PCA_947
120,PCA_450
121,PCA_479
122,PCA_1522
123,Permutation-Importance_19900
124,Permutation-Importance_19877
125,Permutation-Importance_18386
126,Permutation-Importance_13745
127,Permutation-Importance_9857
128,Permutation-Importance_7402
129,Permutation-Importance_5773
130,Permutation-Importance_4586
131,Permutation-Importance_3754
132,Permutation-Importance_3125
133,Permutation-Importance_2656
134,Permutation-Importance_2271
135,Permutation-Importance_1958
136,Permutation-Importance_1727
137,Permutation-Importance_1522
138,Permutation-Importance_1331
139,Permutation-Importance_1184
140,Permutation-Importance_1064
141,Permutation-Importance_947
142,Permutation-Importance_857
143,Permutation-Importance_780
144,Permutation-Importance_709
145,Permutation-Importance_667
146,Permutation-Importance_616
147,Permutation-Importance_560
148,Permutation-Importance_513
149,Permutation-Importance_479
150,Permutation-Importance_450
151,Permutation-Importance_418
152,Permutation-Importance_390
153,Permutation-Importance_361
154,Permutation-Importance_342
155,Permutation-Importance_316
156,Permutation-Importance_294
157,Permutation-Importance_282
158,Permutation-Importance_271
159,Permutation-Importance_251
160,Permutation-Importance_242
161,Permutation-Importance_229
162,Permutation-Importance_214
163,Permutation-Importance_201
164,Permutation-Importance_191
165,Permutation-Importance_181
166,Permutation-Importance_172
167,Permutation-Importance_167
168,Permutation-Importance_162
169,Permutation-Importance_157
170,Permutation-Importance_152
171,Permutation-Importance_146
172,Permutation-Importance_142
173,Permutation-Importance_136
174,Permutation-Importance_132
175,Permutation-Importance_126
176,Permutation-Importance_124
177,Permutation-Importance_121
178,Permutation-Importance_116
179,Permutation-Importance_109
180,Permutation-Importance_105
181,Permutation-Importance_101
182,Permutation-Importance_96
183,Permutation-Importance_93
184,Permutation-Importance_90
185,Permutation-Importance_85
186,Permutation-Importance_79
187,Permutation-Importance_78
188,Permutation-Importance_76
189,Permutation-Importance_75
190,Permutation-Importance_74
191,Permutation-Importance_71
192,Permutation-Importance_70
193,Permutation-Importance_66
194,Permutation-Importance_65
195,Permutation-Importance_63
196,Permutation-Importance_61
197,Permutation-Importance_60
198,Permutation-Importance_57
199,Permutation-Importance_55
200,Permutation-Importance_54
201,Permutation-Importance_53
202,Permutation-Importance_50
203,Permutation-Importance_49
204,Permutation-Importance_47
205,Permutation-Importance_46
206,Permutation-Importance_45
207,Permutation-Importance_44
208,Permutation-Importance_42
209,Permutation-Importance_41
210,Permutation-Importance_39
211,Permutation-Importance_38
212,Permutation-Importance_36
213,Permutation-Importance_35
214,Permutation-Importance_34
215,Permutation-Importance_32
216,Permutation-Importance_31
217,Permutation-Importance_30
218,Permutation-Importance_29
219,Permutation-Importance_27
220,Permutation-Importance_26
221,Permutation-Importance_24
222,Permutation-Importance_23
223,Permutation-Importance_22
224,Permutation-Importance_21
225,Permutation-Importance_20
226,Permutation-Importance_19
227,Permutation-Importance_18
228,Permutation-Importance_17
229,Permutation-Importance_16
230,Permutation-Importance_15
231,Permutation-Importance_14
232,Permutation-Importance_13
233,Permutation-Importance_12
234,Permutation-Importance_10
235,Permutation-Importance_9
236,Permutation-Importance_8
237,Permutation-Importance_7
238,Permutation-Importance_6
239,Permutation-Importance_5
240,Permutation-Importance_4
241,Permutation-Importance_3
242,Permutation-Importance_2
243,Permutation-Importance_1
244,rf_selected_n19900
245,rf_selected_n19877
246,rf_selected_n18386
247,rf_selected_n13745
248,rf_selected_n9857
249,rf_selected_n7402
250,rf_selected_n5773
251,rf_selected_n4586
252,rf_selected_n3754
253,rf_selected_n3125
254,rf_selected_n2656
255,rf_selected_n2271
256,rf_selected_n1958
257,rf_selected_n1727
258,rf_selected_n1522
259,rf_selected_n1331
260,rf_selected_n1184
261,rf_selected_n1064
262,rf_selected_n947
263,rf_selected_n857
264,rf_selected_n780
265,rf_selected_n709
266,rf_selected_n667
267,rf_selected_n616
268,rf_selected_n560
269,rf_selected_n513
270,rf_selected_n479
271,rf_selected_n450
272,rf_selected_n418
273,rf_selected_n390
274,rf_selected_n361
275,rf_selected_n342
276,rf_selected_n316
277,rf_selected_n294
278,rf_selected_n282
279,rf_selected_n271
280,rf_selected_n251
281,rf_selected_n242
282,rf_selected_n229
283,rf_selected_n214
284,rf_selected_n201
285,rf_selected_n191
286,rf_selected_n181
287,rf_selected_n172
288,rf_selected_n167
289,rf_selected_n162
290,rf_selected_n157
291,rf_selected_n152
292,rf_selected_n146
293,rf_selected_n142
294,rf_selected_n136
295,rf_selected_n132
296,rf_selected_n126
297,rf_selected_n124
298,rf_selected_n121
299,rf_selected_n116
300,rf_selected_n109
301,rf_selected_n105
302,rf_selected_n101
303,rf_selected_n96
304,rf_selected_n93
305,rf_selected_n90
306,rf_selected_n85
307,rf_selected_n79
308,rf_selected_n78
309,rf_selected_n76
310,rf_selected_n75
311,rf_selected_n74
312,rf_selected_n71
313,rf_selected_n70
314,rf_selected_n66
315,rf_selected_n65
316,rf_selected_n63
317,rf_selected_n61
318,rf_selected_n60
319,rf_selected_n57
320,rf_selected_n55
321,rf_selected_n54
322,rf_selected_n53
323,rf_selected_n50
324,rf_selected_n49
325,rf_selected_n47
326,rf_selected_n46
327,rf_selected_n45
328,rf_selected_n44
329,rf_selected_n42
330,rf_selected_n41
331,rf_selected_n39
332,rf_selected_n38
333,rf_selected_n36
334,rf_selected_n35
335,rf_selected_n34
336,rf_selected_n32
337,rf_selected_n31
338,rf_selected_n30
339,rf_selected_n29
340,rf_selected_n27
341,rf_selected_n26
342,rf_selected_n24
343,rf_selected_n23
344,rf_selected_n22
345,rf_selected_n21
346,rf_selected_n20
347,rf_selected_n19
348,rf_selected_n18
349,rf_selected_n17
350,rf_selected_n16
351,rf_selected_n15
352,rf_selected_n14
353,rf_selected_n13
354,rf_selected_n12
355,rf_selected_n10
356,rf_selected_n9
357,rf_selected_n8
358,rf_selected_n7
359,rf_selected_n6
360,rf_selected_n5
361,rf_selected_n4
362,rf_selected_n3
363,rf_selected_n2
364,rf_selected_n1
365,Hierarchical-1
366,Hierarchical-3
367,Hierarchical-4
368,Hierarchical-5
369,Hierarchical-6
370,Hierarchical-7
371,Hierarchical-8
372,Hierarchical-9
373,Hierarchical-10
374,Hierarchical-11
375,Hierarchical-12
376,Hierarchical-13
377,Hierarchical-14
378,Hierarchical-15
379,Hierarchical-16
380,Hierarchical-17
381,Hierarchical-18
382,Hierarchical-19
383,Hierarchical-20
384,Hierarchical-21
385,Hierarchical-22
386,Hierarchical-23
387,Hierarchical-24
388,Hierarchical-25
389,Hierarchical-26
390,Hierarchical-27
391,Hierarchical-28
392,Hierarchical-29
393,Hierarchical-30
394,Hierarchical-31
395,Hierarchical-32
396,Hierarchical-33
397,Hierarchical-34
398,Hierarchical-35
399,Hierarchical-36
400,Hierarchical-37
401,Hierarchical-38
402,Hierarchical-39
403,Hierarchical-40
404,Hierarchical-41
405,Hierarchical-42
406,Hierarchical-43
407,Hierarchical-44
408,Hierarchical-45
409,Hierarchical-46
410,Hierarchical-47
411,Hierarchical-48
412,Hierarchical-49
413,Hierarchical-50
414,Hierarchical-51
415,Hierarchical-52
416,Hierarchical-53
417,Hierarchical-54
418,Hierarchical-55
419,Hierarchical-56
420,Hierarchical-57
421,Hierarchical-59
422,Hierarchical-60
423,Hierarchical-61
424,Hierarchical-62
425,Hierarchical-63
426,Hierarchical-64
427,Hierarchical-65
428,Hierarchical-66
429,Hierarchical-67
430,Hierarchical-68
431,Hierarchical-69
432,Hierarchical-70
433,Hierarchical-71
434,Hierarchical-72
435,Hierarchical-73
436,Hierarchical-74
437,Hierarchical-76
438,Hierarchical-77
439,Hierarchical-78
440,Hierarchical-79
441,Hierarchical-80
442,Hierarchical-85
443,Hierarchical-86
444,Hierarchical-87
445,Hierarchical-88
446,Hierarchical-89
447,Hierarchical-90
448,Hierarchical-92
449,Hierarchical-94
450,Hierarchical-100
451,Hierarchical-102
452,Hierarchical-105
453,Hierarchical-107
454,Hierarchical-112
455,Hierarchical-113
456,Hierarchical-115
457,Hierarchical-116
458,Hierarchical-117
459,Hierarchical-118
460,Hierarchical-119
461,Hierarchical-131
462,Hierarchical-132
463,Hierarchical-141
464,Hierarchical-153
465,Hierarchical-155
466,Hierarchical-166
467,Hierarchical-168
468,Hierarchical-177
469,Hierarchical-183
470,Random_101_v0
471,Random_101_v1
472,Random_101_v2
473,Random_101_v3
474,Random_101_v4
475,Random_101_v5
476,Random_101_v6
477,Random_101_v7
478,Random_101_v8
479,Random_101_v9
480,Random_105_v0
481,Random_105_v1
482,Random_105_v2
483,Random_105_v3
484,Random_105_v4
485,Random_105_v5
486,Random_105_v6
487,Random_105_v7
488,Random_105_v8
489,Random_105_v9
490,Random_1064_v0
491,Random_1064_v1
492,Random_1064_v2
493,Random_1064_v3
494,Random_1064_v4
495,Random_1064_v5
496,Random_1064_v6
497,Random_1064_v7
498,Random_1064_v8
499,Random_1064_v9
500,Random_109_v0
501,Random_109_v1
502,Random_109_v2
503,Random_109_v3
504,Random_109_v4
505,Random_109_v5
506,Random_109_v6
507,Random_109_v7
508,Random_109_v8
509,Random_109_v9
510,Random_10_v0
511,Random_10_v1
512,Random_10_v2
513,Random_10_v3
514,Random_10_v4
515,Random_10_v5
516,Random_10_v6
517,Random_10_v7
518,Random_10_v8
519,Random_10_v9
520,Random_116_v0
521,Random_116_v1
522,Random_116_v2
523,Random_116_v3
524,Random_116_v4
525,Random_116_v5
526,Random_116_v6
527,Random_116_v7
528,Random_116_v8
529,Random_116_v9
530,Random_1184_v0
531,Random_1184_v1
532,Random_1184_v2
533,Random_1184_v3
534,Random_1184_v4
535,Random_1184_v5
536,Random_1184_v6
537,Random_1184_v7
538,Random_1184_v8
539,Random_1184_v9
540,Random_121_v0
541,Random_121_v1
542,Random_121_v2
543,Random_121_v3
544,Random_121_v4
545,Random_121_v5
546,Random_121_v6
547,Random_121_v7
548,Random_121_v8
549,Random_121_v9
550,Random_124_v0
551,Random_124_v1
552,Random_124_v2
553,Random_124_v3
554,Random_124_v4
555,Random_124_v5
556,Random_124_v6
557,Random_124_v7
558,Random_124_v8
559,Random_124_v9
560,Random_126_v0
561,Random_126_v1
562,Random_126_v2
563,Random_126_v3
564,Random_126_v4
565,Random_126_v5
566,Random_126_v6
567,Random_126_v7
568,Random_126_v8
569,Random_126_v9
570,Random_12_v0
571,Random_12_v1
572,Random_12_v2
573,Random_12_v3
574,Random_12_v4
575,Random_12_v5
576,Random_12_v6
577,Random_12_v7
578,Random_12_v8
579,Random_12_v9
580,Random_132_v0
581,Random_132_v1
582,Random_132_v2
583,Random_132_v3
584,Random_132_v4
585,Random_132_v5
586,Random_132_v6
587,Random_132_v7
588,Random_132_v8
589,Random_132_v9
590,Random_1331_v0
591,Random_1331_v1
592,Random_1331_v2
593,Random_1331_v3
594,Random_1331_v4
595,Random_1331_v5
596,Random_1331_v6
597,Random_1331_v7
598,Random_1331_v8
599,Random_1331_v9
600,Random_136_v0
601,Random_136_v1
602,Random_136_v2
603,Random_136_v3
604,Random_136_v4
605,Random_136_v5
606,Random_136_v6
607,Random_136_v7
608,Random_136_v8
609,Random_136_v9
610,Random_13745_v0
611,Random_13745_v1
612,Random_13745_v2
613,Random_13745_v3
614,Random_13745_v4
615,Random_13745_v5
616,Random_13745_v6
617,Random_13745_v7
618,Random_13745_v8
619,Random_13745_v9
620,Random_13_v0
621,Random_13_v1
622,Random_13_v2
623,Random_13_v3
624,Random_13_v4
625,Random_13_v5
626,Random_13_v6
627,Random_13_v7
628,Random_13_v8
629,Random_13_v9
630,Random_142_v0
631,Random_142_v1
632,Random_142_v2
633,Random_142_v3
634,Random_142_v4
635,Random_142_v5
636,Random_142_v6
637,Random_142_v7
638,Random_142_v8
639,Random_142_v9
640,Random_146_v0
641,Random_146_v1
642,Random_146_v2
643,Random_146_v3
644,Random_146_v4
645,Random_146_v5
646,Random_146_v6
647,Random_146_v7
648,Random_146_v8
649,Random_146_v9
650,Random_14_v0
651,Random_14_v1
652,Random_14_v2
653,Random_14_v3
654,Random_14_v4
655,Random_14_v5
656,Random_14_v6
657,Random_14_v7
658,Random_14_v8
659,Random_14_v9
660,Random_1522_v0
661,Random_1522_v1
662,Random_1522_v2
663,Random_1522_v3
664,Random_1522_v4
665,Random_1522_v5
666,Random_1522_v6
667,Random_1522_v7
668,Random_1522_v8
669,Random_1522_v9
670,Random_152_v0
671,Random_152_v1
672,Random_152_v2
673,Random_152_v3
674,Random_152_v4
675,Random_152_v5
676,Random_152_v6
677,Random_152_v7
678,Random_152_v8
679,Random_152_v9
680,Random_157_v0
681,Random_157_v1
682,Random_157_v2
683,Random_157_v3
684,Random_157_v4
685,Random_157_v5
686,Random_157_v6
687,Random_157_v7
688,Random_157_v8
689,Random_157_v9
690,Random_15_v0
691,Random_15_v1
692,Random_15_v2
693,Random_15_v3
694,Random_15_v4
695,Random_15_v5
696,Random_15_v6
697,Random_15_v7
698,Random_15_v8
699,Random_15_v9
700,Random_162_v0
701,Random_162_v1
702,Random_162_v2
703,Random_162_v3
704,Random_162_v4
705,Random_162_v5
706,Random_162_v6
707,Random_162_v7
708,Random_162_v8
709,Random_162_v9
710,Random_167_v0
711,Random_167_v1
712,Random_167_v2
713,Random_167_v3
714,Random_167_v4
715,Random_167_v5
716,Random_167_v6
717,Random_167_v7
718,Random_167_v8
719,Random_167_v9
720,Random_16_v0
721,Random_16_v1
722,Random_16_v2
723,Random_16_v3
724,Random_16_v4
725,Random_16_v5
726,Random_16_v6
727,Random_16_v7
728,Random_16_v8
729,Random_16_v9
730,Random_1727_v0
731,Random_1727_v1
732,Random_1727_v2
733,Random_1727_v3
734,Random_1727_v4
735,Random_1727_v5
736,Random_1727_v6
737,Random_1727_v7
738,Random_1727_v8
739,Random_1727_v9
740,Random_172_v0
741,Random_172_v1
742,Random_172_v2
743,Random_172_v3
744,Random_172_v4
745,Random_172_v5
746,Random_172_v6
747,Random_172_v7
748,Random_172_v8
749,Random_172_v9
750,Random_17_v0
751,Random_17_v1
752,Random_17_v2
753,Random_17_v3
754,Random_17_v4
755,Random_17_v5
756,Random_17_v6
757,Random_17_v7
758,Random_17_v8
759,Random_17_v9
760,Random_181_v0
761,Random_181_v1
762,Random_181_v2
763,Random_181_v3
764,Random_181_v4
765,Random_181_v5
766,Random_181_v6
767,Random_181_v7
768,Random_181_v8
769,Random_181_v9
770,Random_18386_v0
771,Random_18386_v1
772,Random_18386_v2
773,Random_18386_v3
774,Random_18386_v4
775,Random_18386_v5
776,Random_18386_v6
777,Random_18386_v7
778,Random_18386_v8
779,Random_18386_v9
780,Random_18_v0
781,Random_18_v1
782,Random_18_v2
783,Random_18_v3
784,Random_18_v4
785,Random_18_v5
786,Random_18_v6
787,Random_18_v7
788,Random_18_v8
789,Random_18_v9
790,Random_191_v0
791,Random_191_v1
792,Random_191_v2
793,Random_191_v3
794,Random_191_v4
795,Random_191_v5
796,Random_191_v6
797,Random_191_v7
798,Random_191_v8
799,Random_191_v9
800,Random_1958_v0
801,Random_1958_v1
802,Random_1958_v2
803,Random_1958_v3
804,Random_1958_v4
805,Random_1958_v5
806,Random_1958_v6
807,Random_1958_v7
808,Random_1958_v8
809,Random_1958_v9
810,Random_19877_v0
811,Random_19877_v1
812,Random_19877_v2
813,Random_19877_v3
814,Random_19877_v4
815,Random_19877_v5
816,Random_19877_v6
817,Random_19877_v7
818,Random_19877_v8
819,Random_19877_v9
820,Random_19900_v0
821,Random_19900_v1
822,Random_19900_v2
823,Random_19900_v3
824,Random_19900_v4
825,Random_19900_v5
826,Random_19900_v6
827,Random_19900_v7
828,Random_19900_v8
829,Random_19900_v9
830,Random_19_v0
831,Random_19_v1
832,Random_19_v2
833,Random_19_v3
834,Random_19_v4
835,Random_19_v5
836,Random_19_v6
837,Random_19_v7
838,Random_19_v8
839,Random_19_v9
840,Random_1_v0
841,Random_1_v1
842,Random_1_v2
843,Random_1_v3
844,Random_1_v4
845,Random_1_v5
846,Random_1_v6
847,Random_1_v7
848,Random_1_v8
849,Random_1_v9
850,Random_201_v0
851,Random_201_v1
852,Random_201_v2
853,Random_201_v3
854,Random_201_v4
855,Random_201_v5
856,Random_201_v6
857,Random_201_v7
858,Random_201_v8
859,Random_201_v9
860,Random_20_v0
861,Random_20_v1
862,Random_20_v2
863,Random_20_v3
864,Random_20_v4
865,Random_20_v5
866,Random_20_v6
867,Random_20_v7
868,Random_20_v8
869,Random_20_v9
870,Random_214_v0
871,Random_214_v1
872,Random_214_v2
873,Random_214_v3
874,Random_214_v4
875,Random_214_v5
876,Random_214_v6
877,Random_214_v7
878,Random_214_v8
879,Random_214_v9
880,Random_21_v0
881,Random_21_v1
882,Random_21_v2
883,Random_21_v3
884,Random_21_v4
885,Random_21_v5
886,Random_21_v6
887,Random_21_v7
888,Random_21_v8
889,Random_21_v9
890,Random_2271_v0
891,Random_2271_v1
892,Random_2271_v2
893,Random_2271_v3
894,Random_2271_v4
895,Random_2271_v5
896,Random_2271_v6
897,Random_2271_v7
898,Random_2271_v8
899,Random_2271_v9
900,Random_229_v0
901,Random_229_v1
902,Random_229_v2
903,Random_229_v3
904,Random_229_v4
905,Random_229_v5
906,Random_229_v6
907,Random_229_v7
908,Random_229_v8
909,Random_229_v9
910,Random_22_v0
911,Random_22_v1
912,Random_22_v2
913,Random_22_v3
914,Random_22_v4
915,Random_22_v5
916,Random_22_v6
917,Random_22_v7
918,Random_22_v8
919,Random_22_v9
920,Random_23_v0
921,Random_23_v1
922,Random_23_v2
923,Random_23_v3
924,Random_23_v4
925,Random_23_v5
926,Random_23_v6
927,Random_23_v7
928,Random_23_v8
929,Random_23_v9
930,Random_242_v0
931,Random_242_v1
932,Random_242_v2
933,Random_242_v3
934,Random_242_v4
935,Random_242_v5
936,Random_242_v6
937,Random_242_v7
938,Random_242_v8
939,Random_242_v9
940,Random_24_v0
941,Random_24_v1
942,Random_24_v2
943,Random_24_v3
944,Random_24_v4
945,Random_24_v5
946,Random_24_v6
947,Random_24_v7
948,Random_24_v8
949,Random_24_v9
950,Random_251_v0
951,Random_251_v1
952,Random_251_v2
953,Random_251_v3
954,Random_251_v4
955,Random_251_v5
956,Random_251_v6
957,Random_251_v7
958,Random_251_v8
959,Random_251_v9
960,Random_2656_v0
961,Random_2656_v1
962,Random_2656_v2
963,Random_2656_v3
964,Random_2656_v4
965,Random_2656_v5
966,Random_2656_v6
967,Random_2656_v7
968,Random_2656_v8
969,Random_2656_v9
970,Random_26_v0
971,Random_26_v1
972,Random_26_v2
973,Random_26_v3
974,Random_26_v4
975,Random_26_v5
976,Random_26_v6
977,Random_26_v7
978,Random_26_v8
979,Random_26_v9
980,Random_271_v0
981,Random_271_v1
982,Random_271_v2
983,Random_271_v3
984,Random_271_v4
985,Random_271_v5
986,Random_271_v6
987,Random_271_v7
988,Random_271_v8
989,Random_271_v9
990,Random_27_v0
991,Random_27_v1
992,Random_27_v2
993,Random_27_v3
994,Random_27_v4
995,Random_27_v5
996,Random_27_v6
997,Random_27_v7
998,Random_27_v8
999,Random_27_v9
1000,Random_282_v0
1001,Random_282_v1
1002,Random_282_v2
1003,Random_282_v3
1004,Random_282_v4
1005,Random_282_v5
1006,Random_282_v6
1007,Random_282_v7
1008,Random_282_v8
1009,Random_282_v9
1010,Random_294_v0
1011,Random_294_v1
1012,Random_294_v2
1013,Random_294_v3
1014,Random_294_v4
1015,Random_294_v5
1016,Random_294_v6
1017,Random_294_v7
1018,Random_294_v8
1019,Random_294_v9
1020,Random_29_v0
1021,Random_29_v1
1022,Random_29_v2
1023,Random_29_v3
1024,Random_29_v4
1025,Random_29_v5
1026,Random_29_v6
1027,Random_29_v7
1028,Random_29_v8
1029,Random_29_v9
1030,Random_2_v0
1031,Random_2_v1
1032,Random_2_v2
1033,Random_2_v3
1034,Random_2_v4
1035,Random_2_v5
1036,Random_2_v6
1037,Random_2_v7
1038,Random_2_v8
1039,Random_2_v9
1040,Random_30_v0
1041,Random_30_v1
1042,Random_30_v2
1043,Random_30_v3
1044,Random_30_v4
1045,Random_30_v5
1046,Random_30_v6
1047,Random_30_v7
1048,Random_30_v8
1049,Random_30_v9
1050,Random_3125_v0
1051,Random_3125_v1
1052,Random_3125_v2
1053,Random_3125_v3
1054,Random_3125_v4
1055,Random_3125_v5
1056,Random_3125_v6
1057,Random_3125_v7
1058,Random_3125_v8
1059,Random_3125_v9
1060,Random_316_v0
1061,Random_316_v1
1062,Random_316_v2
1063,Random_316_v3
1064,Random_316_v4
1065,Random_316_v5
1066,Random_316_v6
1067,Random_316_v7
1068,Random_316_v8
1069,Random_316_v9
1070,Random_31_v0
1071,Random_31_v1
1072,Random_31_v2
1073,Random_31_v3
1074,Random_31_v4
1075,Random_31_v5
1076,Random_31_v6
1077,Random_31_v7
1078,Random_31_v8
1079,Random_31_v9
1080,Random_32_v0
1081,Random_32_v1
1082,Random_32_v2
1083,Random_32_v3
1084,Random_32_v4
1085,Random_32_v5
1086,Random_32_v6
1087,Random_32_v7
1088,Random_32_v8
1089,Random_32_v9
1090,Random_342_v0
1091,Random_342_v1
1092,Random_342_v2
1093,Random_342_v3
1094,Random_342_v4
1095,Random_342_v5
1096,Random_342_v6
1097,Random_342_v7
1098,Random_342_v8
1099,Random_342_v9
1100,Random_34_v0
1101,Random_34_v1
1102,Random_34_v2
1103,Random_34_v3
1104,Random_34_v4
1105,Random_34_v5
1106,Random_34_v6
1107,Random_34_v7
1108,Random_34_v8
1109,Random_34_v9
1110,Random_35_v0
1111,Random_35_v1
1112,Random_35_v2
1113,Random_35_v3
1114,Random_35_v4
1115,Random_35_v5
1116,Random_35_v6
1117,Random_35_v7
1118,Random_35_v8
1119,Random_35_v9
1120,Random_361_v0
1121,Random_361_v1
1122,Random_361_v2
1123,Random_361_v3
1124,Random_361_v4
1125,Random_361_v5
1126,Random_361_v6
1127,Random_361_v7
1128,Random_361_v8
1129,Random_361_v9
1130,Random_36_v0
1131,Random_36_v1
1132,Random_36_v2
1133,Random_36_v3
1134,Random_36_v4
1135,Random_36_v5
1136,Random_36_v6
1137,Random_36_v7
1138,Random_36_v8
1139,Random_36_v9
1140,Random_3754_v0
1141,Random_3754_v1
1142,Random_3754_v2
1143,Random_3754_v3
1144,Random_3754_v4
1145,Random_3754_v5
1146,Random_3754_v6
1147,Random_3754_v7
1148,Random_3754_v8
1149,Random_3754_v9
1150,Random_38_v0
1151,Random_38_v1
1152,Random_38_v2
1153,Random_38_v3
1154,Random_38_v4
1155,Random_38_v5
1156,Random_38_v6
1157,Random_38_v7
1158,Random_38_v8
1159,Random_38_v9
1160,Random_390_v0
1161,Random_390_v1
1162,Random_390_v2
1163,Random_390_v3
1164,Random_390_v4
1165,Random_390_v5
1166,Random_390_v6
1167,Random_390_v7
1168,Random_390_v8
1169,Random_390_v9
1170,Random_39_v0
1171,Random_39_v1
1172,Random_39_v2
1173,Random_39_v3
1174,Random_39_v4
1175,Random_39_v5
1176,Random_39_v6
1177,Random_39_v7
1178,Random_39_v8
1179,Random_39_v9
1180,Random_3_v0
1181,Random_3_v1
1182,Random_3_v2
1183,Random_3_v3
1184,Random_3_v4
1185,Random_3_v5
1186,Random_3_v6
1187,Random_3_v7
1188,Random_3_v8
1189,Random_3_v9
1190,Random_418_v0
1191,Random_418_v1
1192,Random_418_v2
1193,Random_418_v3
1194,Random_418_v4
1195,Random_418_v5
1196,Random_418_v6
1197,Random_418_v7
1198,Random_418_v8
1199,Random_418_v9
1200,Random_41_v0
1201,Random_41_v1
1202,Random_41_v2
1203,Random_41_v3
1204,Random_41_v4
1205,Random_41_v5
1206,Random_41_v6
1207,Random_41_v7
1208,Random_41_v8
1209,Random_41_v9
1210,Random_42_v0
1211,Random_42_v1
1212,Random_42_v2
1213,Random_42_v3
1214,Random_42_v4
1215,Random_42_v5
1216,Random_42_v6
1217,Random_42_v7
1218,Random_42_v8
1219,Random_42_v9
1220,Random_44_v0
1221,Random_44_v1
1222,Random_44_v2
1223,Random_44_v3
1224,Random_44_v4
1225,Random_44_v5
1226,Random_44_v6
1227,Random_44_v7
1228,Random_44_v8
1229,Random_44_v9
1230,Random_450_v0
1231,Random_450_v1
1232,Random_450_v2
1233,Random_450_v3
1234,Random_450_v4
1235,Random_450_v5
1236,Random_450_v6
1237,Random_450_v7
1238,Random_450_v8
1239,Random_450_v9
1240,Random_4586_v0
1241,Random_4586_v1
1242,Random_4586_v2
1243,Random_4586_v3
1244,Random_4586_v4
1245,Random_4586_v5
1246,Random_4586_v6
1247,Random_4586_v7
1248,Random_4586_v8
1249,Random_4586_v9
1250,Random_45_v0
1251,Random_45_v1
1252,Random_45_v2
1253,Random_45_v3
1254,Random_45_v4
1255,Random_45_v5
1256,Random_45_v6
1257,Random_45_v7
1258,Random_45_v8
1259,Random_45_v9
1260,Random_46_v0
1261,Random_46_v1
1262,Random_46_v2
1263,Random_46_v3
1264,Random_46_v4
1265,Random_46_v5
1266,Random_46_v6
1267,Random_46_v7
1268,Random_46_v8
1269,Random_46_v9
1270,Random_479_v0
1271,Random_479_v1
1272,Random_479_v2
1273,Random_479_v3
1274,Random_479_v4
1275,Random_479_v5
1276,Random_479_v6
1277,Random_479_v7
1278,Random_479_v8
1279,Random_479_v9
1280,Random_47_v0
1281,Random_47_v1
1282,Random_47_v2
1283,Random_47_v3
1284,Random_47_v4
1285,Random_47_v5
1286,Random_47_v6
1287,Random_47_v7
1288,Random_47_v8
1289,Random_47_v9
1290,Random_49_v0
1291,Random_49_v1
1292,Random_49_v2
1293,Random_49_v3
1294,Random_49_v4
1295,Random_49_v5
1296,Random_49_v6
1297,Random_49_v7
1298,Random_49_v8
1299,Random_49_v9
1300,Random_4_v0
1301,Random_4_v1
1302,Random_4_v2
1303,Random_4_v3
1304,Random_4_v4
1305,Random_4_v5
1306,Random_4_v6
1307,Random_4_v7
1308,Random_4_v8
1309,Random_4_v9
1310,Random_50_v0
1311,Random_50_v1
1312,Random_50_v2
1313,Random_50_v3
1314,Random_50_v4
1315,Random_50_v5
1316,Random_50_v6
1317,Random_50_v7
1318,Random_50_v8
1319,Random_50_v9
1320,Random_513_v0
1321,Random_513_v1
1322,Random_513_v2
1323,Random_513_v3
1324,Random_513_v4
1325,Random_513_v5
1326,Random_513_v6
1327,Random_513_v7
1328,Random_513_v8
1329,Random_513_v9
1330,Random_53_v0
1331,Random_53_v1
1332,Random_53_v2
1333,Random_53_v3
1334,Random_53_v4
1335,Random_53_v5
1336,Random_53_v6
1337,Random_53_v7
1338,Random_53_v8
1339,Random_53_v9
1340,Random_54_v0
1341,Random_54_v1
1342,Random_54_v2
1343,Random_54_v3
1344,Random_54_v4
1345,Random_54_v5
1346,Random_54_v6
1347,Random_54_v7
1348,Random_54_v8
1349,Random_54_v9
1350,Random_55_v0
1351,Random_55_v1
1352,Random_55_v2
1353,Random_55_v3
1354,Random_55_v4
1355,Random_55_v5
1356,Random_55_v6
1357,Random_55_v7
1358,Random_55_v8
1359,Random_55_v9
1360,Random_560_v0
1361,Random_560_v1
1362,Random_560_v2
1363,Random_560_v3
1364,Random_560_v4
1365,Random_560_v5
1366,Random_560_v6
1367,Random_560_v7
1368,Random_560_v8
1369,Random_560_v9
1370,Random_5773_v0
1371,Random_5773_v1
1372,Random_5773_v2
1373,Random_5773_v3
1374,Random_5773_v4
1375,Random_5773_v5
1376,Random_5773_v6
1377,Random_5773_v7
1378,Random_5773_v8
1379,Random_5773_v9
1380,Random_57_v0
1381,Random_57_v1
1382,Random_57_v2
1383,Random_57_v3
1384,Random_57_v4
1385,Random_57_v5
1386,Random_57_v6
1387,Random_57_v7
1388,Random_57_v8
1389,Random_57_v9
1390,Random_5_v0
1391,Random_5_v1
1392,Random_5_v2
1393,Random_5_v3
1394,Random_5_v4
1395,Random_5_v5
1396,Random_5_v6
1397,Random_5_v7
1398,Random_5_v8
1399,Random_5_v9
1400,Random_60_v0
1401,Random_60_v1
1402,Random_60_v2
1403,Random_60_v3
1404,Random_60_v4
1405,Random_60_v5
1406,Random_60_v6
1407,Random_60_v7
1408,Random_60_v8
1409,Random_60_v9
1410,Random_616_v0
1411,Random_616_v1
1412,Random_616_v2
1413,Random_616_v3
1414,Random_616_v4
1415,Random_616_v5
1416,Random_616_v6
1417,Random_616_v7
1418,Random_616_v8
1419,Random_616_v9
1420,Random_61_v0
1421,Random_61_v1
1422,Random_61_v2
1423,Random_61_v3
1424,Random_61_v4
1425,Random_61_v5
1426,Random_61_v6
1427,Random_61_v7
1428,Random_61_v8
1429,Random_61_v9
1430,Random_63_v0
1431,Random_63_v1
1432,Random_63_v2
1433,Random_63_v3
1434,Random_63_v4
1435,Random_63_v5
1436,Random_63_v6
1437,Random_63_v7
1438,Random_63_v8
1439,Random_63_v9
1440,Random_65_v0
1441,Random_65_v1
1442,Random_65_v2
1443,Random_65_v3
1444,Random_65_v4
1445,Random_65_v5
1446,Random_65_v6
1447,Random_65_v7
1448,Random_65_v8
1449,Random_65_v9
1450,Random_667_v0
1451,Random_667_v1
1452,Random_667_v2
1453,Random_667_v3
1454,Random_667_v4
1455,Random_667_v5
1456,Random_667_v6
1457,Random_667_v7
1458,Random_667_v8
1459,Random_667_v9
1460,Random_66_v0
1461,Random_66_v1
1462,Random_66_v2
1463,Random_66_v3
1464,Random_66_v4
1465,Random_66_v5
1466,Random_66_v6
1467,Random_66_v7
1468,Random_66_v8
1469,Random_66_v9
1470,Random_6_v0
1471,Random_6_v1
1472,Random_6_v2
1473,Random_6_v3
1474,Random_6_v4
1475,Random_6_v5
1476,Random_6_v6
1477,Random_6_v7
1478,Random_6_v8
1479,Random_6_v9
1480,Random_709_v0
1481,Random_709_v1
1482,Random_709_v2
1483,Random_709_v3
1484,Random_709_v4
1485,Random_709_v5
1486,Random_709_v6
1487,Random_709_v7
1488,Random_709_v8
1489,Random_709_v9
1490,Random_70_v0
1491,Random_70_v1
1492,Random_70_v2
1493,Random_70_v3
1494,Random_70_v4
1495,Random_70_v5
1496,Random_70_v6
1497,Random_70_v7
1498,Random_70_v8
1499,Random_70_v9
1500,Random_71_v0
1501,Random_71_v1
1502,Random_71_v2
1503,Random_71_v3
1504,Random_71_v4
1505,Random_71_v5
1506,Random_71_v6
1507,Random_71_v7
1508,Random_71_v8
1509,Random_71_v9
1510,Random_7402_v0
1511,Random_7402_v1
1512,Random_7402_v2
1513,Random_7402_v3
1514,Random_7402_v4
1515,Random_7402_v5
1516,Random_7402_v6
1517,Random_7402_v7
1518,Random_7402_v8
1519,Random_7402_v9
1520,Random_74_v0
1521,Random_74_v1
1522,Random_74_v2
1523,Random_74_v3
1524,Random_74_v4
1525,Random_74_v5
1526,Random_74_v6
1527,Random_74_v7
1528,Random_74_v8
1529,Random_74_v9
1530,Random_75_v0
1531,Random_75_v1
1532,Random_75_v2
1533,Random_75_v3
1534,Random_75_v4
1535,Random_75_v5
1536,Random_75_v6
1537,Random_75_v7
1538,Random_75_v8
1539,Random_75_v9
1540,Random_76_v0
1541,Random_76_v1
1542,Random_76_v2
1543,Random_76_v3
1544,Random_76_v4
1545,Random_76_v5
1546,Random_76_v6
1547,Random_76_v7
1548,Random_76_v8
1549,Random_76_v9
1550,Random_780_v0
1551,Random_780_v1
1552,Random_780_v2
1553,Random_780_v3
1554,Random_780_v4
1555,Random_780_v5
1556,Random_780_v6
1557,Random_780_v7
1558,Random_780_v8
1559,Random_780_v9
1560,Random_78_v0
1561,Random_78_v1
1562,Random_78_v2
1563,Random_78_v3
1564,Random_78_v4
1565,Random_78_v5
1566,Random_78_v6
1567,Random_78_v7
1568,Random_78_v8
1569,Random_78_v9
1570,Random_79_v0
1571,Random_79_v1
1572,Random_79_v2
1573,Random_79_v3
1574,Random_79_v4
1575,Random_79_v5
1576,Random_79_v6
1577,Random_79_v7
1578,Random_79_v8
1579,Random_79_v9
1580,Random_7_v0
1581,Random_7_v1
1582,Random_7_v2
1583,Random_7_v3
1584,Random_7_v4
1585,Random_7_v5
1586,Random_7_v6
1587,Random_7_v7
1588,Random_7_v8
1589,Random_7_v9
1590,Random_857_v0
1591,Random_857_v1
1592,Random_857_v2
1593,Random_857_v3
1594,Random_857_v4
1595,Random_857_v5
1596,Random_857_v6
1597,Random_857_v7
1598,Random_857_v8
1599,Random_857_v9
1600,Random_85_v0
1601,Random_85_v1
1602,Random_85_v2
1603,Random_85_v3
1604,Random_85_v4
1605,Random_85_v5
1606,Random_85_v6
1607,Random_85_v7
1608,Random_85_v8
1609,Random_85_v9
1610,Random_8_v0
1611,Random_8_v1
1612,Random_8_v2
1613,Random_8_v3
1614,Random_8_v4
1615,Random_8_v5
1616,Random_8_v6
1617,Random_8_v7
1618,Random_8_v8
1619,Random_8_v9
1620,Random_90_v0
1621,Random_90_v1
1622,Random_90_v2
1623,Random_90_v3
1624,Random_90_v4
1625,Random_90_v5
1626,Random_90_v6
1627,Random_90_v7
1628,Random_90_v8
1629,Random_90_v9
1630,Random_93_v0
1631,Random_93_v1
1632,Random_93_v2
1633,Random_93_v3
1634,Random_93_v4
1635,Random_93_v5
1636,Random_93_v6
1637,Random_93_v7
1638,Random_93_v8
1639,Random_93_v9
1640,kPCA_rbf-1522
1641,kPCA_linear-1522
1642,kPCA_rbf-1331
1643,kPCA_linear-1331
1644,kPCA_rbf-1184
1645,kPCA_linear-1184
1646,kPCA_rbf-1064
1647,kPCA_linear-1064
1648,kPCA_rbf-947
1649,kPCA_linear-947
1650,kPCA_rbf-857
1651,kPCA_linear-857
1652,kPCA_rbf-780
1653,kPCA_linear-780
1654,kPCA_rbf-709
1655,kPCA_linear-709
1656,kPCA_rbf-667
1657,kPCA_linear-667
1658,kPCA_rbf-616
1659,kPCA_linear-616
1660,kPCA_rbf-560
1661,kPCA_linear-560
1662,kPCA_rbf-513
1663,kPCA_linear-513
1664,kPCA_rbf-479
1665,kPCA_linear-479
1666,kPCA_rbf-450
1667,kPCA_linear-450
1668,kPCA_rbf-418
1669,kPCA_linear-418
1670,kPCA_rbf-390
1671,kPCA_linear-390
1672,kPCA_rbf-361
1673,kPCA_linear-361
1674,kPCA_rbf-342
1675,kPCA_linear-342
1676,kPCA_rbf-316
1677,kPCA_linear-316
1678,kPCA_rbf-294
1679,kPCA_linear-294
1680,kPCA_rbf-282
1681,kPCA_linear-282
1682,kPCA_rbf-271
1683,kPCA_linear-271
1684,kPCA_rbf-251
1685,kPCA_linear-251
1686,kPCA_rbf-242
1687,kPCA_linear-242
1688,kPCA_rbf-229
1689,kPCA_linear-229
1690,kPCA_rbf-214
1691,kPCA_linear-214
1692,kPCA_rbf-201
1693,kPCA_linear-201
1694,kPCA_rbf-191
1695,kPCA_linear-191
1696,kPCA_rbf-181
1697,kPCA_linear-181
1698,kPCA_rbf-172
1699,kPCA_linear-172
1700,kPCA_rbf-167
1701,kPCA_linear-167
1702,kPCA_rbf-162
1703,kPCA_linear-162
1704,kPCA_rbf-157
1705,kPCA_linear-157
1706,kPCA_rbf-152
1707,kPCA_linear-152
1708,kPCA_rbf-146
1709,kPCA_linear-146
1710,kPCA_rbf-142
1711,kPCA_linear-142
1712,kPCA_rbf-136
1713,kPCA_linear-136
1714,kPCA_rbf-132
1715,kPCA_linear-132
1716,kPCA_rbf-126
1717,kPCA_linear-126
1718,kPCA_rbf-124
1719,kPCA_linear-124
1720,kPCA_rbf-121
1721,kPCA_linear-121
1722,kPCA_rbf-116
1723,kPCA_linear-116
1724,kPCA_rbf-109
1725,kPCA_linear-109
1726,kPCA_rbf-105
1727,kPCA_linear-105
1728,kPCA_rbf-101
1729,kPCA_linear-101
1730,kPCA_rbf-96
1731,kPCA_linear-96
1732,kPCA_rbf-93
1733,kPCA_linear-93
1734,kPCA_rbf-90
1735,kPCA_linear-90
1736,kPCA_rbf-85
1737,kPCA_linear-85
1738,kPCA_rbf-79
1739,kPCA_linear-79
1740,kPCA_rbf-78
1741,kPCA_linear-78
1742,kPCA_rbf-76
1743,kPCA_linear-76
1744,kPCA_rbf-75
1745,kPCA_linear-75
1746,kPCA_rbf-74
1747,kPCA_linear-74
1748,kPCA_rbf-71
1749,kPCA_linear-71
1750,kPCA_rbf-70
1751,kPCA_linear-70
1752,kPCA_rbf-66
1753,kPCA_linear-66
1754,kPCA_rbf-65
1755,kPCA_linear-65
1756,kPCA_rbf-63
1757,kPCA_linear-63
1758,kPCA_rbf-61
1759,kPCA_linear-61
1760,kPCA_rbf-60
1761,kPCA_linear-60
1762,kPCA_rbf-57
1763,kPCA_linear-57
1764,kPCA_rbf-55
1765,kPCA_linear-55
1766,kPCA_rbf-54
1767,kPCA_linear-54
1768,kPCA_rbf-53
1769,kPCA_linear-53
1770,kPCA_rbf-50
1771,kPCA_linear-50
1772,kPCA_rbf-49
1773,kPCA_linear-49
1774,kPCA_rbf-47
1775,kPCA_linear-47
1776,kPCA_rbf-46
1777,kPCA_linear-46
1778,kPCA_rbf-45
1779,kPCA_linear-45
1780,kPCA_rbf-44
1781,kPCA_linear-44
1782,kPCA_rbf-42
1783,kPCA_linear-42
1784,kPCA_rbf-41
1785,kPCA_linear-41
1786,kPCA_rbf-39
1787,kPCA_linear-39
1788,kPCA_rbf-38
1789,kPCA_linear-38
1790,kPCA_rbf-36
1791,kPCA_linear-36
1792,kPCA_rbf-35
1793,kPCA_linear-35
1794,kPCA_rbf-34
1795,kPCA_linear-34
1796,kPCA_rbf-32
1797,kPCA_linear-32
1798,kPCA_rbf-31
1799,kPCA_linear-31
1800,kPCA_rbf-30
1801,kPCA_linear-30
1802,kPCA_rbf-29
1803,kPCA_linear-29
1804,kPCA_rbf-27
1805,kPCA_linear-27
1806,kPCA_rbf-26
1807,kPCA_linear-26
1808,kPCA_rbf-24
1809,kPCA_linear-24
1810,kPCA_rbf-23
1811,kPCA_linear-23
1812,kPCA_rbf-22
1813,kPCA_linear-22
1814,kPCA_rbf-21
1815,kPCA_linear-21
1816,kPCA_rbf-20
1817,kPCA_linear-20
1818,kPCA_rbf-19
1819,kPCA_linear-19
1820,kPCA_rbf-18
1821,kPCA_linear-18
1822,kPCA_rbf-17
1823,kPCA_linear-17
1824,kPCA_rbf-16
1825,kPCA_linear-16
1826,kPCA_rbf-15
1827,kPCA_linear-15
1828,kPCA_rbf-14
1829,kPCA_linear-14
1830,kPCA_rbf-13
1831,kPCA_linear-13
1832,kPCA_rbf-12
1833,kPCA_linear-12
1834,kPCA_rbf-10
1835,kPCA_linear-10
1836,kPCA_rbf-9
1837,kPCA_linear-9
1838,kPCA_rbf-8
1839,kPCA_linear-8
1840,kPCA_rbf-7
1841,kPCA_linear-7
1842,kPCA_rbf-6
1843,kPCA_linear-6
1844,kPCA_rbf-5
1845,kPCA_linear-5
1846,kPCA_rbf-4
1847,kPCA_linear-4
1848,kPCA_rbf-3
1849,kPCA_linear-3
1850,kPCA_rbf-2
1851,kPCA_linear-2
1852,kPCA_rbf-1
1853,kPCA_linear-1
1854,TruncatedSVD_19877
1855,TruncatedSVD_18386
1856,TruncatedSVD_13745
1857,TruncatedSVD_9857
1858,TruncatedSVD_7402
1859,TruncatedSVD_5773
1860,TruncatedSVD_4586
1861,TruncatedSVD_3754
1862,TruncatedSVD_3125
1863,TruncatedSVD_2656
1864,TruncatedSVD_2271
1865,TruncatedSVD_1958
1866,TruncatedSVD_1727
1867,TruncatedSVD_1522
1868,TruncatedSVD_1331
1869,TruncatedSVD_1184
1870,TruncatedSVD_1064
1871,TruncatedSVD_947
1872,TruncatedSVD_857
1873,TruncatedSVD_780
1874,TruncatedSVD_709
1875,TruncatedSVD_667
1876,TruncatedSVD_616
1877,TruncatedSVD_560
1878,TruncatedSVD_513
1879,TruncatedSVD_479
1880,TruncatedSVD_450
1881,TruncatedSVD_418
1882,TruncatedSVD_390
1883,TruncatedSVD_361
1884,TruncatedSVD_342
1885,TruncatedSVD_316
1886,TruncatedSVD_294
1887,TruncatedSVD_282
1888,TruncatedSVD_271
1889,TruncatedSVD_251
1890,TruncatedSVD_242
1891,TruncatedSVD_229
1892,TruncatedSVD_214
1893,TruncatedSVD_201
1894,TruncatedSVD_191
1895,TruncatedSVD_181
1896,TruncatedSVD_172
1897,TruncatedSVD_167
1898,TruncatedSVD_162
1899,TruncatedSVD_157
1900,TruncatedSVD_152
1901,TruncatedSVD_146
1902,TruncatedSVD_142
1903,TruncatedSVD_136
1904,TruncatedSVD_132
1905,TruncatedSVD_126
1906,TruncatedSVD_124
1907,TruncatedSVD_121
1908,TruncatedSVD_116
1909,TruncatedSVD_109
1910,TruncatedSVD_105
1911,TruncatedSVD_101
1912,TruncatedSVD_96
1913,TruncatedSVD_93
1914,TruncatedSVD_90
1915,TruncatedSVD_85
1916,TruncatedSVD_79
1917,TruncatedSVD_78
1918,TruncatedSVD_76
1919,TruncatedSVD_75
1920,TruncatedSVD_74
1921,TruncatedSVD_71
1922,TruncatedSVD_70
1923,TruncatedSVD_66
1924,TruncatedSVD_65
1925,TruncatedSVD_63
1926,TruncatedSVD_61
1927,TruncatedSVD_60
1928,TruncatedSVD_57
1929,TruncatedSVD_55
1930,TruncatedSVD_54
1931,TruncatedSVD_53
1932,TruncatedSVD_50
1933,TruncatedSVD_49
1934,TruncatedSVD_47
1935,TruncatedSVD_46
1936,TruncatedSVD_45
1937,TruncatedSVD_44
1938,TruncatedSVD_42
1939,TruncatedSVD_41
1940,TruncatedSVD_39
1941,TruncatedSVD_38
1942,TruncatedSVD_36
1943,TruncatedSVD_35
1944,TruncatedSVD_34
1945,TruncatedSVD_32
1946,TruncatedSVD_31
1947,TruncatedSVD_30
1948,TruncatedSVD_29
1949,TruncatedSVD_27
1950,TruncatedSVD_26
1951,TruncatedSVD_24
1952,TruncatedSVD_23
1953,TruncatedSVD_22
1954,TruncatedSVD_21
1955,TruncatedSVD_20
1956,TruncatedSVD_19
1957,TruncatedSVD_18
1958,TruncatedSVD_17
1959,TruncatedSVD_16
1960,TruncatedSVD_15
1961,TruncatedSVD_14
1962,TruncatedSVD_13
1963,TruncatedSVD_12
1964,TruncatedSVD_10
1965,TruncatedSVD_9
1966,TruncatedSVD_8
1967,TruncatedSVD_7
1968,TruncatedSVD_6
1969,TruncatedSVD_5
1970,TruncatedSVD_4
1971,TruncatedSVD_3
1972,TruncatedSVD_2
1973,TruncatedSVD_1
