method,dataset
All,hcp
kPCA_rbf-25,hcp
kPCA_linear-25,hcp
TruncatedSVD_100,hcp
TruncatedSVD_150,hcp
TruncatedSVD_200,hcp
TruncatedSVD_300,hcp
TruncatedSVD_400,hcp
TruncatedSVD_500,hcp
TruncatedSVD_600,hcp
TruncatedSVD_700,hcp
TruncatedSVD_800,hcp
TruncatedSVD_900,hcp
TruncatedSVD_1000,hcp
LDA,hcp
PCA Full,hcp
PCA_513,hcp
PCA_2,hcp
PCA_3,hcp
PCA_4,hcp
PCA_5,hcp
PCA_6,hcp
PCA_7,hcp
PCA_8,hcp
PCA_9,hcp
PCA_10,hcp
PCA_1,hcp
PCA_12,hcp
PCA_13,hcp
PCA_14,hcp
PCA_15,hcp
PCA_16,hcp
PCA_17,hcp
PCA_18,hcp
PCA_19,hcp
PCA_20,hcp
PCA_21,hcp
PCA_22,hcp
PCA_23,hcp
PCA_24,hcp
PCA_26,hcp
PCA_27,hcp
PCA_29,hcp
PCA_30,hcp
PCA_31,hcp
PCA_32,hcp
PCA_34,hcp
PCA_35,hcp
PCA_36,hcp
PCA_38,hcp
PCA_39,hcp
PCA_1064,hcp
PCA_41,hcp
PCA_42,hcp
PCA_44,hcp
PCA_45,hcp
PCA_46,hcp
PCA_47,hcp
PCA_560,hcp
PCA_49,hcp
PCA_50,hcp
PCA_54,hcp
PCA_55,hcp
PCA_53,hcp
PCA_57,hcp
PCA_60,hcp
PCA_61,hcp
PCA_63,hcp
PCA_65,hcp
PCA_66,hcp
PCA_70,hcp
PCA_71,hcp
PCA_74,hcp
PCA_75,hcp
PCA_76,hcp
PCA_78,hcp
PCA_79,hcp
PCA_85,hcp
PCA_90,hcp
PCA_93,hcp
PCA_96,hcp
PCA_101,hcp
PCA_616,hcp
PCA_105,hcp
PCA_109,hcp
PCA_116,hcp
PCA_121,hcp
PCA_124,hcp
PCA_126,hcp
PCA_132,hcp
PCA_136,hcp
PCA_142,hcp
PCA_146,hcp
PCA_152,hcp
PCA_667,hcp
PCA_157,hcp
PCA_1184,hcp
PCA_162,hcp
PCA_167,hcp
PCA_172,hcp
PCA_181,hcp
PCA_191,hcp
PCA_709,hcp
PCA_201,hcp
PCA_214,hcp
PCA_229,hcp
PCA_242,hcp
PCA_251,hcp
PCA_780,hcp
PCA_271,hcp
PCA_282,hcp
PCA_294,hcp
PCA_1331,hcp
PCA_316,hcp
PCA_342,hcp
PCA_857,hcp
PCA_361,hcp
PCA_390,hcp
PCA_418,hcp
PCA_947,hcp
PCA_450,hcp
PCA_479,hcp
PCA_1522,hcp
Permutation-Importance_19900,hcp
Permutation-Importance_19877,hcp
Permutation-Importance_18386,hcp
Permutation-Importance_13745,hcp
Permutation-Importance_9857,hcp
Permutation-Importance_7402,hcp
Permutation-Importance_5773,hcp
Permutation-Importance_4586,hcp
Permutation-Importance_3754,hcp
Permutation-Importance_3125,hcp
Permutation-Importance_2656,hcp
Permutation-Importance_2271,hcp
Permutation-Importance_1958,hcp
Permutation-Importance_1727,hcp
Permutation-Importance_1522,hcp
Permutation-Importance_1331,hcp
Permutation-Importance_1184,hcp
Permutation-Importance_1064,hcp
Permutation-Importance_947,hcp
Permutation-Importance_857,hcp
Permutation-Importance_780,hcp
Permutation-Importance_709,hcp
Permutation-Importance_667,hcp
Permutation-Importance_616,hcp
Permutation-Importance_560,hcp
Permutation-Importance_513,hcp
Permutation-Importance_479,hcp
Permutation-Importance_450,hcp
Permutation-Importance_418,hcp
Permutation-Importance_390,hcp
Permutation-Importance_361,hcp
Permutation-Importance_342,hcp
Permutation-Importance_316,hcp
Permutation-Importance_294,hcp
Permutation-Importance_282,hcp
Permutation-Importance_271,hcp
Permutation-Importance_251,hcp
Permutation-Importance_242,hcp
Permutation-Importance_229,hcp
Permutation-Importance_214,hcp
Permutation-Importance_201,hcp
Permutation-Importance_191,hcp
Permutation-Importance_181,hcp
Permutation-Importance_172,hcp
Permutation-Importance_167,hcp
Permutation-Importance_162,hcp
Permutation-Importance_157,hcp
Permutation-Importance_152,hcp
Permutation-Importance_146,hcp
Permutation-Importance_142,hcp
Permutation-Importance_136,hcp
Permutation-Importance_132,hcp
Permutation-Importance_126,hcp
Permutation-Importance_124,hcp
Permutation-Importance_121,hcp
Permutation-Importance_116,hcp
Permutation-Importance_109,hcp
Permutation-Importance_105,hcp
Permutation-Importance_101,hcp
Permutation-Importance_96,hcp
Permutation-Importance_93,hcp
Permutation-Importance_90,hcp
Permutation-Importance_85,hcp
Permutation-Importance_79,hcp
Permutation-Importance_78,hcp
Permutation-Importance_76,hcp
Permutation-Importance_75,hcp
Permutation-Importance_74,hcp
Permutation-Importance_71,hcp
Permutation-Importance_70,hcp
Permutation-Importance_66,hcp
Permutation-Importance_65,hcp
Permutation-Importance_63,hcp
Permutation-Importance_61,hcp
Permutation-Importance_60,hcp
Permutation-Importance_57,hcp
Permutation-Importance_55,hcp
Permutation-Importance_54,hcp
Permutation-Importance_53,hcp
Permutation-Importance_50,hcp
Permutation-Importance_49,hcp
Permutation-Importance_47,hcp
Permutation-Importance_46,hcp
Permutation-Importance_45,hcp
Permutation-Importance_44,hcp
Permutation-Importance_42,hcp
Permutation-Importance_41,hcp
Permutation-Importance_39,hcp
Permutation-Importance_38,hcp
Permutation-Importance_36,hcp
Permutation-Importance_35,hcp
Permutation-Importance_34,hcp
Permutation-Importance_32,hcp
Permutation-Importance_31,hcp
Permutation-Importance_30,hcp
Permutation-Importance_29,hcp
Permutation-Importance_27,hcp
Permutation-Importance_26,hcp
Permutation-Importance_24,hcp
Permutation-Importance_23,hcp
Permutation-Importance_22,hcp
Permutation-Importance_21,hcp
Permutation-Importance_20,hcp
Permutation-Importance_19,hcp
Permutation-Importance_18,hcp
Permutation-Importance_17,hcp
Permutation-Importance_16,hcp
Permutation-Importance_15,hcp
Permutation-Importance_14,hcp
Permutation-Importance_13,hcp
Permutation-Importance_12,hcp
Permutation-Importance_10,hcp
Permutation-Importance_9,hcp
Permutation-Importance_8,hcp
Permutation-Importance_7,hcp
Permutation-Importance_6,hcp
Permutation-Importance_5,hcp
Permutation-Importance_4,hcp
Permutation-Importance_3,hcp
Permutation-Importance_2,hcp
Permutation-Importance_1,hcp
rf_selected_n19900,hcp
rf_selected_n19877,hcp
rf_selected_n18386,hcp
rf_selected_n13745,hcp
rf_selected_n9857,hcp
rf_selected_n7402,hcp
rf_selected_n5773,hcp
rf_selected_n4586,hcp
rf_selected_n3754,hcp
rf_selected_n3125,hcp
rf_selected_n2656,hcp
rf_selected_n2271,hcp
rf_selected_n1958,hcp
rf_selected_n1727,hcp
rf_selected_n1522,hcp
rf_selected_n1331,hcp
rf_selected_n1184,hcp
rf_selected_n1064,hcp
rf_selected_n947,hcp
rf_selected_n857,hcp
rf_selected_n780,hcp
rf_selected_n709,hcp
rf_selected_n667,hcp
rf_selected_n616,hcp
rf_selected_n560,hcp
rf_selected_n513,hcp
rf_selected_n479,hcp
rf_selected_n450,hcp
rf_selected_n418,hcp
rf_selected_n390,hcp
rf_selected_n361,hcp
rf_selected_n342,hcp
rf_selected_n316,hcp
rf_selected_n294,hcp
rf_selected_n282,hcp
rf_selected_n271,hcp
rf_selected_n251,hcp
rf_selected_n242,hcp
rf_selected_n229,hcp
rf_selected_n214,hcp
rf_selected_n201,hcp
rf_selected_n191,hcp
rf_selected_n181,hcp
rf_selected_n172,hcp
rf_selected_n167,hcp
rf_selected_n162,hcp
rf_selected_n157,hcp
rf_selected_n152,hcp
rf_selected_n146,hcp
rf_selected_n142,hcp
rf_selected_n136,hcp
rf_selected_n132,hcp
rf_selected_n126,hcp
rf_selected_n124,hcp
rf_selected_n121,hcp
rf_selected_n116,hcp
rf_selected_n109,hcp
rf_selected_n105,hcp
rf_selected_n101,hcp
rf_selected_n96,hcp
rf_selected_n93,hcp
rf_selected_n90,hcp
rf_selected_n85,hcp
rf_selected_n79,hcp
rf_selected_n78,hcp
rf_selected_n76,hcp
rf_selected_n75,hcp
rf_selected_n74,hcp
rf_selected_n71,hcp
rf_selected_n70,hcp
rf_selected_n66,hcp
rf_selected_n65,hcp
rf_selected_n63,hcp
rf_selected_n61,hcp
rf_selected_n60,hcp
rf_selected_n57,hcp
rf_selected_n55,hcp
rf_selected_n54,hcp
rf_selected_n53,hcp
rf_selected_n50,hcp
rf_selected_n49,hcp
rf_selected_n47,hcp
rf_selected_n46,hcp
rf_selected_n45,hcp
rf_selected_n44,hcp
rf_selected_n42,hcp
rf_selected_n41,hcp
rf_selected_n39,hcp
rf_selected_n38,hcp
rf_selected_n36,hcp
rf_selected_n35,hcp
rf_selected_n34,hcp
rf_selected_n32,hcp
rf_selected_n31,hcp
rf_selected_n30,hcp
rf_selected_n29,hcp
rf_selected_n27,hcp
rf_selected_n26,hcp
rf_selected_n24,hcp
rf_selected_n23,hcp
rf_selected_n22,hcp
rf_selected_n21,hcp
rf_selected_n20,hcp
rf_selected_n19,hcp
rf_selected_n18,hcp
rf_selected_n17,hcp
rf_selected_n16,hcp
rf_selected_n15,hcp
rf_selected_n14,hcp
rf_selected_n13,hcp
rf_selected_n12,hcp
rf_selected_n10,hcp
rf_selected_n9,hcp
rf_selected_n8,hcp
rf_selected_n7,hcp
rf_selected_n6,hcp
rf_selected_n5,hcp
rf_selected_n4,hcp
rf_selected_n3,hcp
rf_selected_n2,hcp
rf_selected_n1,hcp
Hierarchical-1,hcp
Hierarchical-3,hcp
Hierarchical-4,hcp
Hierarchical-5,hcp
Hierarchical-6,hcp
Hierarchical-7,hcp
Hierarchical-8,hcp
Hierarchical-9,hcp
Hierarchical-10,hcp
Hierarchical-11,hcp
Hierarchical-12,hcp
Hierarchical-13,hcp
Hierarchical-14,hcp
Hierarchical-15,hcp
Hierarchical-16,hcp
Hierarchical-17,hcp
Hierarchical-18,hcp
Hierarchical-19,hcp
Hierarchical-20,hcp
Hierarchical-21,hcp
Hierarchical-22,hcp
Hierarchical-23,hcp
Hierarchical-24,hcp
Hierarchical-25,hcp
Hierarchical-26,hcp
Hierarchical-27,hcp
Hierarchical-28,hcp
Hierarchical-29,hcp
Hierarchical-30,hcp
Hierarchical-31,hcp
Hierarchical-32,hcp
Hierarchical-33,hcp
Hierarchical-34,hcp
Hierarchical-35,hcp
Hierarchical-36,hcp
Hierarchical-37,hcp
Hierarchical-38,hcp
Hierarchical-39,hcp
Hierarchical-40,hcp
Hierarchical-41,hcp
Hierarchical-42,hcp
Hierarchical-43,hcp
Hierarchical-44,hcp
Hierarchical-45,hcp
Hierarchical-46,hcp
Hierarchical-47,hcp
Hierarchical-48,hcp
Hierarchical-49,hcp
Hierarchical-50,hcp
Hierarchical-51,hcp
Hierarchical-52,hcp
Hierarchical-53,hcp
Hierarchical-54,hcp
Hierarchical-55,hcp
Hierarchical-56,hcp
Hierarchical-57,hcp
Hierarchical-59,hcp
Hierarchical-60,hcp
Hierarchical-61,hcp
Hierarchical-62,hcp
Hierarchical-63,hcp
Hierarchical-64,hcp
Hierarchical-65,hcp
Hierarchical-66,hcp
Hierarchical-67,hcp
Hierarchical-68,hcp
Hierarchical-69,hcp
Hierarchical-70,hcp
Hierarchical-71,hcp
Hierarchical-72,hcp
Hierarchical-73,hcp
Hierarchical-74,hcp
Hierarchical-76,hcp
Hierarchical-77,hcp
Hierarchical-78,hcp
Hierarchical-79,hcp
Hierarchical-80,hcp
Hierarchical-85,hcp
Hierarchical-86,hcp
Hierarchical-87,hcp
Hierarchical-88,hcp
Hierarchical-89,hcp
Hierarchical-90,hcp
Hierarchical-92,hcp
Hierarchical-94,hcp
Hierarchical-100,hcp
Hierarchical-102,hcp
Hierarchical-105,hcp
Hierarchical-107,hcp
Hierarchical-112,hcp
Hierarchical-113,hcp
Hierarchical-115,hcp
Hierarchical-116,hcp
Hierarchical-117,hcp
Hierarchical-118,hcp
Hierarchical-119,hcp
Hierarchical-131,hcp
Hierarchical-132,hcp
Hierarchical-141,hcp
Hierarchical-153,hcp
Hierarchical-155,hcp
Hierarchical-166,hcp
Hierarchical-168,hcp
Hierarchical-177,hcp
Hierarchical-183,hcp
Random_101_v0,hcp
Random_101_v1,hcp
Random_101_v2,hcp
Random_101_v3,hcp
Random_101_v4,hcp
Random_101_v5,hcp
Random_101_v6,hcp
Random_101_v7,hcp
Random_101_v8,hcp
Random_101_v9,hcp
Random_105_v0,hcp
Random_105_v1,hcp
Random_105_v2,hcp
Random_105_v3,hcp
Random_105_v4,hcp
Random_105_v5,hcp
Random_105_v6,hcp
Random_105_v7,hcp
Random_105_v8,hcp
Random_105_v9,hcp
Random_1064_v0,hcp
Random_1064_v1,hcp
Random_1064_v2,hcp
Random_1064_v3,hcp
Random_1064_v4,hcp
Random_1064_v5,hcp
Random_1064_v6,hcp
Random_1064_v7,hcp
Random_1064_v8,hcp
Random_1064_v9,hcp
Random_109_v0,hcp
Random_109_v1,hcp
Random_109_v2,hcp
Random_109_v3,hcp
Random_109_v4,hcp
Random_109_v5,hcp
Random_109_v6,hcp
Random_109_v7,hcp
Random_109_v8,hcp
Random_109_v9,hcp
Random_10_v0,hcp
Random_10_v1,hcp
Random_10_v2,hcp
Random_10_v3,hcp
Random_10_v4,hcp
Random_10_v5,hcp
Random_10_v6,hcp
Random_10_v7,hcp
Random_10_v8,hcp
Random_10_v9,hcp
Random_116_v0,hcp
Random_116_v1,hcp
Random_116_v2,hcp
Random_116_v3,hcp
Random_116_v4,hcp
Random_116_v5,hcp
Random_116_v6,hcp
Random_116_v7,hcp
Random_116_v8,hcp
Random_116_v9,hcp
Random_1184_v0,hcp
Random_1184_v1,hcp
Random_1184_v2,hcp
Random_1184_v3,hcp
Random_1184_v4,hcp
Random_1184_v5,hcp
Random_1184_v6,hcp
Random_1184_v7,hcp
Random_1184_v8,hcp
Random_1184_v9,hcp
Random_121_v0,hcp
Random_121_v1,hcp
Random_121_v2,hcp
Random_121_v3,hcp
Random_121_v4,hcp
Random_121_v5,hcp
Random_121_v6,hcp
Random_121_v7,hcp
Random_121_v8,hcp
Random_121_v9,hcp
Random_124_v0,hcp
Random_124_v1,hcp
Random_124_v2,hcp
Random_124_v3,hcp
Random_124_v4,hcp
Random_124_v5,hcp
Random_124_v6,hcp
Random_124_v7,hcp
Random_124_v8,hcp
Random_124_v9,hcp
Random_126_v0,hcp
Random_126_v1,hcp
Random_126_v2,hcp
Random_126_v3,hcp
Random_126_v4,hcp
Random_126_v5,hcp
Random_126_v6,hcp
Random_126_v7,hcp
Random_126_v8,hcp
Random_126_v9,hcp
Random_12_v0,hcp
Random_12_v1,hcp
Random_12_v2,hcp
Random_12_v3,hcp
Random_12_v4,hcp
Random_12_v5,hcp
Random_12_v6,hcp
Random_12_v7,hcp
Random_12_v8,hcp
Random_12_v9,hcp
Random_132_v0,hcp
Random_132_v1,hcp
Random_132_v2,hcp
Random_132_v3,hcp
Random_132_v4,hcp
Random_132_v5,hcp
Random_132_v6,hcp
Random_132_v7,hcp
Random_132_v8,hcp
Random_132_v9,hcp
Random_1331_v0,hcp
Random_1331_v1,hcp
Random_1331_v2,hcp
Random_1331_v3,hcp
Random_1331_v4,hcp
Random_1331_v5,hcp
Random_1331_v6,hcp
Random_1331_v7,hcp
Random_1331_v8,hcp
Random_1331_v9,hcp
Random_136_v0,hcp
Random_136_v1,hcp
Random_136_v2,hcp
Random_136_v3,hcp
Random_136_v4,hcp
Random_136_v5,hcp
Random_136_v6,hcp
Random_136_v7,hcp
Random_136_v8,hcp
Random_136_v9,hcp
Random_13745_v0,hcp
Random_13745_v1,hcp
Random_13745_v2,hcp
Random_13745_v3,hcp
Random_13745_v4,hcp
Random_13745_v5,hcp
Random_13745_v6,hcp
Random_13745_v7,hcp
Random_13745_v8,hcp
Random_13745_v9,hcp
Random_13_v0,hcp
Random_13_v1,hcp
Random_13_v2,hcp
Random_13_v3,hcp
Random_13_v4,hcp
Random_13_v5,hcp
Random_13_v6,hcp
Random_13_v7,hcp
Random_13_v8,hcp
Random_13_v9,hcp
Random_142_v0,hcp
Random_142_v1,hcp
Random_142_v2,hcp
Random_142_v3,hcp
Random_142_v4,hcp
Random_142_v5,hcp
Random_142_v6,hcp
Random_142_v7,hcp
Random_142_v8,hcp
Random_142_v9,hcp
Random_146_v0,hcp
Random_146_v1,hcp
Random_146_v2,hcp
Random_146_v3,hcp
Random_146_v4,hcp
Random_146_v5,hcp
Random_146_v6,hcp
Random_146_v7,hcp
Random_146_v8,hcp
Random_146_v9,hcp
Random_14_v0,hcp
Random_14_v1,hcp
Random_14_v2,hcp
Random_14_v3,hcp
Random_14_v4,hcp
Random_14_v5,hcp
Random_14_v6,hcp
Random_14_v7,hcp
Random_14_v8,hcp
Random_14_v9,hcp
Random_1522_v0,hcp
Random_1522_v1,hcp
Random_1522_v2,hcp
Random_1522_v3,hcp
Random_1522_v4,hcp
Random_1522_v5,hcp
Random_1522_v6,hcp
Random_1522_v7,hcp
Random_1522_v8,hcp
Random_1522_v9,hcp
Random_152_v0,hcp
Random_152_v1,hcp
Random_152_v2,hcp
Random_152_v3,hcp
Random_152_v4,hcp
Random_152_v5,hcp
Random_152_v6,hcp
Random_152_v7,hcp
Random_152_v8,hcp
Random_152_v9,hcp
Random_157_v0,hcp
Random_157_v1,hcp
Random_157_v2,hcp
Random_157_v3,hcp
Random_157_v4,hcp
Random_157_v5,hcp
Random_157_v6,hcp
Random_157_v7,hcp
Random_157_v8,hcp
Random_157_v9,hcp
Random_15_v0,hcp
Random_15_v1,hcp
Random_15_v2,hcp
Random_15_v3,hcp
Random_15_v4,hcp
Random_15_v5,hcp
Random_15_v6,hcp
Random_15_v7,hcp
Random_15_v8,hcp
Random_15_v9,hcp
Random_162_v0,hcp
Random_162_v1,hcp
Random_162_v2,hcp
Random_162_v3,hcp
Random_162_v4,hcp
Random_162_v5,hcp
Random_162_v6,hcp
Random_162_v7,hcp
Random_162_v8,hcp
Random_162_v9,hcp
Random_167_v0,hcp
Random_167_v1,hcp
Random_167_v2,hcp
Random_167_v3,hcp
Random_167_v4,hcp
Random_167_v5,hcp
Random_167_v6,hcp
Random_167_v7,hcp
Random_167_v8,hcp
Random_167_v9,hcp
Random_16_v0,hcp
Random_16_v1,hcp
Random_16_v2,hcp
Random_16_v3,hcp
Random_16_v4,hcp
Random_16_v5,hcp
Random_16_v6,hcp
Random_16_v7,hcp
Random_16_v8,hcp
Random_16_v9,hcp
Random_1727_v0,hcp
Random_1727_v1,hcp
Random_1727_v2,hcp
Random_1727_v3,hcp
Random_1727_v4,hcp
Random_1727_v5,hcp
Random_1727_v6,hcp
Random_1727_v7,hcp
Random_1727_v8,hcp
Random_1727_v9,hcp
Random_172_v0,hcp
Random_172_v1,hcp
Random_172_v2,hcp
Random_172_v3,hcp
Random_172_v4,hcp
Random_172_v5,hcp
Random_172_v6,hcp
Random_172_v7,hcp
Random_172_v8,hcp
Random_172_v9,hcp
Random_17_v0,hcp
Random_17_v1,hcp
Random_17_v2,hcp
Random_17_v3,hcp
Random_17_v4,hcp
Random_17_v5,hcp
Random_17_v6,hcp
Random_17_v7,hcp
Random_17_v8,hcp
Random_17_v9,hcp
Random_181_v0,hcp
Random_181_v1,hcp
Random_181_v2,hcp
Random_181_v3,hcp
Random_181_v4,hcp
Random_181_v5,hcp
Random_181_v6,hcp
Random_181_v7,hcp
Random_181_v8,hcp
Random_181_v9,hcp
Random_18386_v0,hcp
Random_18386_v1,hcp
Random_18386_v2,hcp
Random_18386_v3,hcp
Random_18386_v4,hcp
Random_18386_v5,hcp
Random_18386_v6,hcp
Random_18386_v7,hcp
Random_18386_v8,hcp
Random_18386_v9,hcp
Random_18_v0,hcp
Random_18_v1,hcp
Random_18_v2,hcp
Random_18_v3,hcp
Random_18_v4,hcp
Random_18_v5,hcp
Random_18_v6,hcp
Random_18_v7,hcp
Random_18_v8,hcp
Random_18_v9,hcp
Random_191_v0,hcp
Random_191_v1,hcp
Random_191_v2,hcp
Random_191_v3,hcp
Random_191_v4,hcp
Random_191_v5,hcp
Random_191_v6,hcp
Random_191_v7,hcp
Random_191_v8,hcp
Random_191_v9,hcp
Random_1958_v0,hcp
Random_1958_v1,hcp
Random_1958_v2,hcp
Random_1958_v3,hcp
Random_1958_v4,hcp
Random_1958_v5,hcp
Random_1958_v6,hcp
Random_1958_v7,hcp
Random_1958_v8,hcp
Random_1958_v9,hcp
Random_19877_v0,hcp
Random_19877_v1,hcp
Random_19877_v2,hcp
Random_19877_v3,hcp
Random_19877_v4,hcp
Random_19877_v5,hcp
Random_19877_v6,hcp
Random_19877_v7,hcp
Random_19877_v8,hcp
Random_19877_v9,hcp
Random_19900_v0,hcp
Random_19900_v1,hcp
Random_19900_v2,hcp
Random_19900_v3,hcp
Random_19900_v4,hcp
Random_19900_v5,hcp
Random_19900_v6,hcp
Random_19900_v7,hcp
Random_19900_v8,hcp
Random_19900_v9,hcp
Random_19_v0,hcp
Random_19_v1,hcp
Random_19_v2,hcp
Random_19_v3,hcp
Random_19_v4,hcp
Random_19_v5,hcp
Random_19_v6,hcp
Random_19_v7,hcp
Random_19_v8,hcp
Random_19_v9,hcp
Random_1_v0,hcp
Random_1_v1,hcp
Random_1_v2,hcp
Random_1_v3,hcp
Random_1_v4,hcp
Random_1_v5,hcp
Random_1_v6,hcp
Random_1_v7,hcp
Random_1_v8,hcp
Random_1_v9,hcp
Random_201_v0,hcp
Random_201_v1,hcp
Random_201_v2,hcp
Random_201_v3,hcp
Random_201_v4,hcp
Random_201_v5,hcp
Random_201_v6,hcp
Random_201_v7,hcp
Random_201_v8,hcp
Random_201_v9,hcp
Random_20_v0,hcp
Random_20_v1,hcp
Random_20_v2,hcp
Random_20_v3,hcp
Random_20_v4,hcp
Random_20_v5,hcp
Random_20_v6,hcp
Random_20_v7,hcp
Random_20_v8,hcp
Random_20_v9,hcp
Random_214_v0,hcp
Random_214_v1,hcp
Random_214_v2,hcp
Random_214_v3,hcp
Random_214_v4,hcp
Random_214_v5,hcp
Random_214_v6,hcp
Random_214_v7,hcp
Random_214_v8,hcp
Random_214_v9,hcp
Random_21_v0,hcp
Random_21_v1,hcp
Random_21_v2,hcp
Random_21_v3,hcp
Random_21_v4,hcp
Random_21_v5,hcp
Random_21_v6,hcp
Random_21_v7,hcp
Random_21_v8,hcp
Random_21_v9,hcp
Random_2271_v0,hcp
Random_2271_v1,hcp
Random_2271_v2,hcp
Random_2271_v3,hcp
Random_2271_v4,hcp
Random_2271_v5,hcp
Random_2271_v6,hcp
Random_2271_v7,hcp
Random_2271_v8,hcp
Random_2271_v9,hcp
Random_229_v0,hcp
Random_229_v1,hcp
Random_229_v2,hcp
Random_229_v3,hcp
Random_229_v4,hcp
Random_229_v5,hcp
Random_229_v6,hcp
Random_229_v7,hcp
Random_229_v8,hcp
Random_229_v9,hcp
Random_22_v0,hcp
Random_22_v1,hcp
Random_22_v2,hcp
Random_22_v3,hcp
Random_22_v4,hcp
Random_22_v5,hcp
Random_22_v6,hcp
Random_22_v7,hcp
Random_22_v8,hcp
Random_22_v9,hcp
Random_23_v0,hcp
Random_23_v1,hcp
Random_23_v2,hcp
Random_23_v3,hcp
Random_23_v4,hcp
Random_23_v5,hcp
Random_23_v6,hcp
Random_23_v7,hcp
Random_23_v8,hcp
Random_23_v9,hcp
Random_242_v0,hcp
Random_242_v1,hcp
Random_242_v2,hcp
Random_242_v3,hcp
Random_242_v4,hcp
Random_242_v5,hcp
Random_242_v6,hcp
Random_242_v7,hcp
Random_242_v8,hcp
Random_242_v9,hcp
Random_24_v0,hcp
Random_24_v1,hcp
Random_24_v2,hcp
Random_24_v3,hcp
Random_24_v4,hcp
Random_24_v5,hcp
Random_24_v6,hcp
Random_24_v7,hcp
Random_24_v8,hcp
Random_24_v9,hcp
Random_251_v0,hcp
Random_251_v1,hcp
Random_251_v2,hcp
Random_251_v3,hcp
Random_251_v4,hcp
Random_251_v5,hcp
Random_251_v6,hcp
Random_251_v7,hcp
Random_251_v8,hcp
Random_251_v9,hcp
Random_2656_v0,hcp
Random_2656_v1,hcp
Random_2656_v2,hcp
Random_2656_v3,hcp
Random_2656_v4,hcp
Random_2656_v5,hcp
Random_2656_v6,hcp
Random_2656_v7,hcp
Random_2656_v8,hcp
Random_2656_v9,hcp
Random_26_v0,hcp
Random_26_v1,hcp
Random_26_v2,hcp
Random_26_v3,hcp
Random_26_v4,hcp
Random_26_v5,hcp
Random_26_v6,hcp
Random_26_v7,hcp
Random_26_v8,hcp
Random_26_v9,hcp
Random_271_v0,hcp
Random_271_v1,hcp
Random_271_v2,hcp
Random_271_v3,hcp
Random_271_v4,hcp
Random_271_v5,hcp
Random_271_v6,hcp
Random_271_v7,hcp
Random_271_v8,hcp
Random_271_v9,hcp
Random_27_v0,hcp
Random_27_v1,hcp
Random_27_v2,hcp
Random_27_v3,hcp
Random_27_v4,hcp
Random_27_v5,hcp
Random_27_v6,hcp
Random_27_v7,hcp
Random_27_v8,hcp
Random_27_v9,hcp
Random_282_v0,hcp
Random_282_v1,hcp
Random_282_v2,hcp
Random_282_v3,hcp
Random_282_v4,hcp
Random_282_v5,hcp
Random_282_v6,hcp
Random_282_v7,hcp
Random_282_v8,hcp
Random_282_v9,hcp
Random_294_v0,hcp
Random_294_v1,hcp
Random_294_v2,hcp
Random_294_v3,hcp
Random_294_v4,hcp
Random_294_v5,hcp
Random_294_v6,hcp
Random_294_v7,hcp
Random_294_v8,hcp
Random_294_v9,hcp
Random_29_v0,hcp
Random_29_v1,hcp
Random_29_v2,hcp
Random_29_v3,hcp
Random_29_v4,hcp
Random_29_v5,hcp
Random_29_v6,hcp
Random_29_v7,hcp
Random_29_v8,hcp
Random_29_v9,hcp
Random_2_v0,hcp
Random_2_v1,hcp
Random_2_v2,hcp
Random_2_v3,hcp
Random_2_v4,hcp
Random_2_v5,hcp
Random_2_v6,hcp
Random_2_v7,hcp
Random_2_v8,hcp
Random_2_v9,hcp
Random_30_v0,hcp
Random_30_v1,hcp
Random_30_v2,hcp
Random_30_v3,hcp
Random_30_v4,hcp
Random_30_v5,hcp
Random_30_v6,hcp
Random_30_v7,hcp
Random_30_v8,hcp
Random_30_v9,hcp
Random_3125_v0,hcp
Random_3125_v1,hcp
Random_3125_v2,hcp
Random_3125_v3,hcp
Random_3125_v4,hcp
Random_3125_v5,hcp
Random_3125_v6,hcp
Random_3125_v7,hcp
Random_3125_v8,hcp
Random_3125_v9,hcp
Random_316_v0,hcp
Random_316_v1,hcp
Random_316_v2,hcp
Random_316_v3,hcp
Random_316_v4,hcp
Random_316_v5,hcp
Random_316_v6,hcp
Random_316_v7,hcp
Random_316_v8,hcp
Random_316_v9,hcp
Random_31_v0,hcp
Random_31_v1,hcp
Random_31_v2,hcp
Random_31_v3,hcp
Random_31_v4,hcp
Random_31_v5,hcp
Random_31_v6,hcp
Random_31_v7,hcp
Random_31_v8,hcp
Random_31_v9,hcp
Random_32_v0,hcp
Random_32_v1,hcp
Random_32_v2,hcp
Random_32_v3,hcp
Random_32_v4,hcp
Random_32_v5,hcp
Random_32_v6,hcp
Random_32_v7,hcp
Random_32_v8,hcp
Random_32_v9,hcp
Random_342_v0,hcp
Random_342_v1,hcp
Random_342_v2,hcp
Random_342_v3,hcp
Random_342_v4,hcp
Random_342_v5,hcp
Random_342_v6,hcp
Random_342_v7,hcp
Random_342_v8,hcp
Random_342_v9,hcp
Random_34_v0,hcp
Random_34_v1,hcp
Random_34_v2,hcp
Random_34_v3,hcp
Random_34_v4,hcp
Random_34_v5,hcp
Random_34_v6,hcp
Random_34_v7,hcp
Random_34_v8,hcp
Random_34_v9,hcp
Random_35_v0,hcp
Random_35_v1,hcp
Random_35_v2,hcp
Random_35_v3,hcp
Random_35_v4,hcp
Random_35_v5,hcp
Random_35_v6,hcp
Random_35_v7,hcp
Random_35_v8,hcp
Random_35_v9,hcp
Random_361_v0,hcp
Random_361_v1,hcp
Random_361_v2,hcp
Random_361_v3,hcp
Random_361_v4,hcp
Random_361_v5,hcp
Random_361_v6,hcp
Random_361_v7,hcp
Random_361_v8,hcp
Random_361_v9,hcp
Random_36_v0,hcp
Random_36_v1,hcp
Random_36_v2,hcp
Random_36_v3,hcp
Random_36_v4,hcp
Random_36_v5,hcp
Random_36_v6,hcp
Random_36_v7,hcp
Random_36_v8,hcp
Random_36_v9,hcp
Random_3754_v0,hcp
Random_3754_v1,hcp
Random_3754_v2,hcp
Random_3754_v3,hcp
Random_3754_v4,hcp
Random_3754_v5,hcp
Random_3754_v6,hcp
Random_3754_v7,hcp
Random_3754_v8,hcp
Random_3754_v9,hcp
Random_38_v0,hcp
Random_38_v1,hcp
Random_38_v2,hcp
Random_38_v3,hcp
Random_38_v4,hcp
Random_38_v5,hcp
Random_38_v6,hcp
Random_38_v7,hcp
Random_38_v8,hcp
Random_38_v9,hcp
Random_390_v0,hcp
Random_390_v1,hcp
Random_390_v2,hcp
Random_390_v3,hcp
Random_390_v4,hcp
Random_390_v5,hcp
Random_390_v6,hcp
Random_390_v7,hcp
Random_390_v8,hcp
Random_390_v9,hcp
Random_39_v0,hcp
Random_39_v1,hcp
Random_39_v2,hcp
Random_39_v3,hcp
Random_39_v4,hcp
Random_39_v5,hcp
Random_39_v6,hcp
Random_39_v7,hcp
Random_39_v8,hcp
Random_39_v9,hcp
Random_3_v0,hcp
Random_3_v1,hcp
Random_3_v2,hcp
Random_3_v3,hcp
Random_3_v4,hcp
Random_3_v5,hcp
Random_3_v6,hcp
Random_3_v7,hcp
Random_3_v8,hcp
Random_3_v9,hcp
Random_418_v0,hcp
Random_418_v1,hcp
Random_418_v2,hcp
Random_418_v3,hcp
Random_418_v4,hcp
Random_418_v5,hcp
Random_418_v6,hcp
Random_418_v7,hcp
Random_418_v8,hcp
Random_418_v9,hcp
Random_41_v0,hcp
Random_41_v1,hcp
Random_41_v2,hcp
Random_41_v3,hcp
Random_41_v4,hcp
Random_41_v5,hcp
Random_41_v6,hcp
Random_41_v7,hcp
Random_41_v8,hcp
Random_41_v9,hcp
Random_42_v0,hcp
Random_42_v1,hcp
Random_42_v2,hcp
Random_42_v3,hcp
Random_42_v4,hcp
Random_42_v5,hcp
Random_42_v6,hcp
Random_42_v7,hcp
Random_42_v8,hcp
Random_42_v9,hcp
Random_44_v0,hcp
Random_44_v1,hcp
Random_44_v2,hcp
Random_44_v3,hcp
Random_44_v4,hcp
Random_44_v5,hcp
Random_44_v6,hcp
Random_44_v7,hcp
Random_44_v8,hcp
Random_44_v9,hcp
Random_450_v0,hcp
Random_450_v1,hcp
Random_450_v2,hcp
Random_450_v3,hcp
Random_450_v4,hcp
Random_450_v5,hcp
Random_450_v6,hcp
Random_450_v7,hcp
Random_450_v8,hcp
Random_450_v9,hcp
Random_4586_v0,hcp
Random_4586_v1,hcp
Random_4586_v2,hcp
Random_4586_v3,hcp
Random_4586_v4,hcp
Random_4586_v5,hcp
Random_4586_v6,hcp
Random_4586_v7,hcp
Random_4586_v8,hcp
Random_4586_v9,hcp
Random_45_v0,hcp
Random_45_v1,hcp
Random_45_v2,hcp
Random_45_v3,hcp
Random_45_v4,hcp
Random_45_v5,hcp
Random_45_v6,hcp
Random_45_v7,hcp
Random_45_v8,hcp
Random_45_v9,hcp
Random_46_v0,hcp
Random_46_v1,hcp
Random_46_v2,hcp
Random_46_v3,hcp
Random_46_v4,hcp
Random_46_v5,hcp
Random_46_v6,hcp
Random_46_v7,hcp
Random_46_v8,hcp
Random_46_v9,hcp
Random_479_v0,hcp
Random_479_v1,hcp
Random_479_v2,hcp
Random_479_v3,hcp
Random_479_v4,hcp
Random_479_v5,hcp
Random_479_v6,hcp
Random_479_v7,hcp
Random_479_v8,hcp
Random_479_v9,hcp
Random_47_v0,hcp
Random_47_v1,hcp
Random_47_v2,hcp
Random_47_v3,hcp
Random_47_v4,hcp
Random_47_v5,hcp
Random_47_v6,hcp
Random_47_v7,hcp
Random_47_v8,hcp
Random_47_v9,hcp
Random_49_v0,hcp
Random_49_v1,hcp
Random_49_v2,hcp
Random_49_v3,hcp
Random_49_v4,hcp
Random_49_v5,hcp
Random_49_v6,hcp
Random_49_v7,hcp
Random_49_v8,hcp
Random_49_v9,hcp
Random_4_v0,hcp
Random_4_v1,hcp
Random_4_v2,hcp
Random_4_v3,hcp
Random_4_v4,hcp
Random_4_v5,hcp
Random_4_v6,hcp
Random_4_v7,hcp
Random_4_v8,hcp
Random_4_v9,hcp
Random_50_v0,hcp
Random_50_v1,hcp
Random_50_v2,hcp
Random_50_v3,hcp
Random_50_v4,hcp
Random_50_v5,hcp
Random_50_v6,hcp
Random_50_v7,hcp
Random_50_v8,hcp
Random_50_v9,hcp
Random_513_v0,hcp
Random_513_v1,hcp
Random_513_v2,hcp
Random_513_v3,hcp
Random_513_v4,hcp
Random_513_v5,hcp
Random_513_v6,hcp
Random_513_v7,hcp
Random_513_v8,hcp
Random_513_v9,hcp
Random_53_v0,hcp
Random_53_v1,hcp
Random_53_v2,hcp
Random_53_v3,hcp
Random_53_v4,hcp
Random_53_v5,hcp
Random_53_v6,hcp
Random_53_v7,hcp
Random_53_v8,hcp
Random_53_v9,hcp
Random_54_v0,hcp
Random_54_v1,hcp
Random_54_v2,hcp
Random_54_v3,hcp
Random_54_v4,hcp
Random_54_v5,hcp
Random_54_v6,hcp
Random_54_v7,hcp
Random_54_v8,hcp
Random_54_v9,hcp
Random_55_v0,hcp
Random_55_v1,hcp
Random_55_v2,hcp
Random_55_v3,hcp
Random_55_v4,hcp
Random_55_v5,hcp
Random_55_v6,hcp
Random_55_v7,hcp
Random_55_v8,hcp
Random_55_v9,hcp
Random_560_v0,hcp
Random_560_v1,hcp
Random_560_v2,hcp
Random_560_v3,hcp
Random_560_v4,hcp
Random_560_v5,hcp
Random_560_v6,hcp
Random_560_v7,hcp
Random_560_v8,hcp
Random_560_v9,hcp
Random_5773_v0,hcp
Random_5773_v1,hcp
Random_5773_v2,hcp
Random_5773_v3,hcp
Random_5773_v4,hcp
Random_5773_v5,hcp
Random_5773_v6,hcp
Random_5773_v7,hcp
Random_5773_v8,hcp
Random_5773_v9,hcp
Random_57_v0,hcp
Random_57_v1,hcp
Random_57_v2,hcp
Random_57_v3,hcp
Random_57_v4,hcp
Random_57_v5,hcp
Random_57_v6,hcp
Random_57_v7,hcp
Random_57_v8,hcp
Random_57_v9,hcp
Random_5_v0,hcp
Random_5_v1,hcp
Random_5_v2,hcp
Random_5_v3,hcp
Random_5_v4,hcp
Random_5_v5,hcp
Random_5_v6,hcp
Random_5_v7,hcp
Random_5_v8,hcp
Random_5_v9,hcp
Random_60_v0,hcp
Random_60_v1,hcp
Random_60_v2,hcp
Random_60_v3,hcp
Random_60_v4,hcp
Random_60_v5,hcp
Random_60_v6,hcp
Random_60_v7,hcp
Random_60_v8,hcp
Random_60_v9,hcp
Random_616_v0,hcp
Random_616_v1,hcp
Random_616_v2,hcp
Random_616_v3,hcp
Random_616_v4,hcp
Random_616_v5,hcp
Random_616_v6,hcp
Random_616_v7,hcp
Random_616_v8,hcp
Random_616_v9,hcp
Random_61_v0,hcp
Random_61_v1,hcp
Random_61_v2,hcp
Random_61_v3,hcp
Random_61_v4,hcp
Random_61_v5,hcp
Random_61_v6,hcp
Random_61_v7,hcp
Random_61_v8,hcp
Random_61_v9,hcp
Random_63_v0,hcp
Random_63_v1,hcp
Random_63_v2,hcp
Random_63_v3,hcp
Random_63_v4,hcp
Random_63_v5,hcp
Random_63_v6,hcp
Random_63_v7,hcp
Random_63_v8,hcp
Random_63_v9,hcp
Random_65_v0,hcp
Random_65_v1,hcp
Random_65_v2,hcp
Random_65_v3,hcp
Random_65_v4,hcp
Random_65_v5,hcp
Random_65_v6,hcp
Random_65_v7,hcp
Random_65_v8,hcp
Random_65_v9,hcp
Random_667_v0,hcp
Random_667_v1,hcp
Random_667_v2,hcp
Random_667_v3,hcp
Random_667_v4,hcp
Random_667_v5,hcp
Random_667_v6,hcp
Random_667_v7,hcp
Random_667_v8,hcp
Random_667_v9,hcp
Random_66_v0,hcp
Random_66_v1,hcp
Random_66_v2,hcp
Random_66_v3,hcp
Random_66_v4,hcp
Random_66_v5,hcp
Random_66_v6,hcp
Random_66_v7,hcp
Random_66_v8,hcp
Random_66_v9,hcp
Random_6_v0,hcp
Random_6_v1,hcp
Random_6_v2,hcp
Random_6_v3,hcp
Random_6_v4,hcp
Random_6_v5,hcp
Random_6_v6,hcp
Random_6_v7,hcp
Random_6_v8,hcp
Random_6_v9,hcp
Random_709_v0,hcp
Random_709_v1,hcp
Random_709_v2,hcp
Random_709_v3,hcp
Random_709_v4,hcp
Random_709_v5,hcp
Random_709_v6,hcp
Random_709_v7,hcp
Random_709_v8,hcp
Random_709_v9,hcp
Random_70_v0,hcp
Random_70_v1,hcp
Random_70_v2,hcp
Random_70_v3,hcp
Random_70_v4,hcp
Random_70_v5,hcp
Random_70_v6,hcp
Random_70_v7,hcp
Random_70_v8,hcp
Random_70_v9,hcp
Random_71_v0,hcp
Random_71_v1,hcp
Random_71_v2,hcp
Random_71_v3,hcp
Random_71_v4,hcp
Random_71_v5,hcp
Random_71_v6,hcp
Random_71_v7,hcp
Random_71_v8,hcp
Random_71_v9,hcp
Random_7402_v0,hcp
Random_7402_v1,hcp
Random_7402_v2,hcp
Random_7402_v3,hcp
Random_7402_v4,hcp
Random_7402_v5,hcp
Random_7402_v6,hcp
Random_7402_v7,hcp
Random_7402_v8,hcp
Random_7402_v9,hcp
Random_74_v0,hcp
Random_74_v1,hcp
Random_74_v2,hcp
Random_74_v3,hcp
Random_74_v4,hcp
Random_74_v5,hcp
Random_74_v6,hcp
Random_74_v7,hcp
Random_74_v8,hcp
Random_74_v9,hcp
Random_75_v0,hcp
Random_75_v1,hcp
Random_75_v2,hcp
Random_75_v3,hcp
Random_75_v4,hcp
Random_75_v5,hcp
Random_75_v6,hcp
Random_75_v7,hcp
Random_75_v8,hcp
Random_75_v9,hcp
Random_76_v0,hcp
Random_76_v1,hcp
Random_76_v2,hcp
Random_76_v3,hcp
Random_76_v4,hcp
Random_76_v5,hcp
Random_76_v6,hcp
Random_76_v7,hcp
Random_76_v8,hcp
Random_76_v9,hcp
Random_780_v0,hcp
Random_780_v1,hcp
Random_780_v2,hcp
Random_780_v3,hcp
Random_780_v4,hcp
Random_780_v5,hcp
Random_780_v6,hcp
Random_780_v7,hcp
Random_780_v8,hcp
Random_780_v9,hcp
Random_78_v0,hcp
Random_78_v1,hcp
Random_78_v2,hcp
Random_78_v3,hcp
Random_78_v4,hcp
Random_78_v5,hcp
Random_78_v6,hcp
Random_78_v7,hcp
Random_78_v8,hcp
Random_78_v9,hcp
Random_79_v0,hcp
Random_79_v1,hcp
Random_79_v2,hcp
Random_79_v3,hcp
Random_79_v4,hcp
Random_79_v5,hcp
Random_79_v6,hcp
Random_79_v7,hcp
Random_79_v8,hcp
Random_79_v9,hcp
Random_7_v0,hcp
Random_7_v1,hcp
Random_7_v2,hcp
Random_7_v3,hcp
Random_7_v4,hcp
Random_7_v5,hcp
Random_7_v6,hcp
Random_7_v7,hcp
Random_7_v8,hcp
Random_7_v9,hcp
Random_857_v0,hcp
Random_857_v1,hcp
Random_857_v2,hcp
Random_857_v3,hcp
Random_857_v4,hcp
Random_857_v5,hcp
Random_857_v6,hcp
Random_857_v7,hcp
Random_857_v8,hcp
Random_857_v9,hcp
Random_85_v0,hcp
Random_85_v1,hcp
Random_85_v2,hcp
Random_85_v3,hcp
Random_85_v4,hcp
Random_85_v5,hcp
Random_85_v6,hcp
Random_85_v7,hcp
Random_85_v8,hcp
Random_85_v9,hcp
Random_8_v0,hcp
Random_8_v1,hcp
Random_8_v2,hcp
Random_8_v3,hcp
Random_8_v4,hcp
Random_8_v5,hcp
Random_8_v6,hcp
Random_8_v7,hcp
Random_8_v8,hcp
Random_8_v9,hcp
Random_90_v0,hcp
Random_90_v1,hcp
Random_90_v2,hcp
Random_90_v3,hcp
Random_90_v4,hcp
Random_90_v5,hcp
Random_90_v6,hcp
Random_90_v7,hcp
Random_90_v8,hcp
Random_90_v9,hcp
Random_93_v0,hcp
Random_93_v1,hcp
Random_93_v2,hcp
Random_93_v3,hcp
Random_93_v4,hcp
Random_93_v5,hcp
Random_93_v6,hcp
Random_93_v7,hcp
Random_93_v8,hcp
Random_93_v9,hcp
kPCA_rbf-1522,hcp
kPCA_linear-1522,hcp
kPCA_rbf-1331,hcp
kPCA_linear-1331,hcp
kPCA_rbf-1184,hcp
kPCA_linear-1184,hcp
kPCA_rbf-1064,hcp
kPCA_linear-1064,hcp
kPCA_rbf-947,hcp
kPCA_linear-947,hcp
kPCA_rbf-857,hcp
kPCA_linear-857,hcp
kPCA_rbf-780,hcp
kPCA_linear-780,hcp
kPCA_rbf-709,hcp
kPCA_linear-709,hcp
kPCA_rbf-667,hcp
kPCA_linear-667,hcp
kPCA_rbf-616,hcp
kPCA_linear-616,hcp
kPCA_rbf-560,hcp
kPCA_linear-560,hcp
kPCA_rbf-513,hcp
kPCA_linear-513,hcp
kPCA_rbf-479,hcp
kPCA_linear-479,hcp
kPCA_rbf-450,hcp
kPCA_linear-450,hcp
kPCA_rbf-418,hcp
kPCA_linear-418,hcp
kPCA_rbf-390,hcp
kPCA_linear-390,hcp
kPCA_rbf-361,hcp
kPCA_linear-361,hcp
kPCA_rbf-342,hcp
kPCA_linear-342,hcp
kPCA_rbf-316,hcp
kPCA_linear-316,hcp
kPCA_rbf-294,hcp
kPCA_linear-294,hcp
kPCA_rbf-282,hcp
kPCA_linear-282,hcp
kPCA_rbf-271,hcp
kPCA_linear-271,hcp
kPCA_rbf-251,hcp
kPCA_linear-251,hcp
kPCA_rbf-242,hcp
kPCA_linear-242,hcp
kPCA_rbf-229,hcp
kPCA_linear-229,hcp
kPCA_rbf-214,hcp
kPCA_linear-214,hcp
kPCA_rbf-201,hcp
kPCA_linear-201,hcp
kPCA_rbf-191,hcp
kPCA_linear-191,hcp
kPCA_rbf-181,hcp
kPCA_linear-181,hcp
kPCA_rbf-172,hcp
kPCA_linear-172,hcp
kPCA_rbf-167,hcp
kPCA_linear-167,hcp
kPCA_rbf-162,hcp
kPCA_linear-162,hcp
kPCA_rbf-157,hcp
kPCA_linear-157,hcp
kPCA_rbf-152,hcp
kPCA_linear-152,hcp
kPCA_rbf-146,hcp
kPCA_linear-146,hcp
kPCA_rbf-142,hcp
kPCA_linear-142,hcp
kPCA_rbf-136,hcp
kPCA_linear-136,hcp
kPCA_rbf-132,hcp
kPCA_linear-132,hcp
kPCA_rbf-126,hcp
kPCA_linear-126,hcp
kPCA_rbf-124,hcp
kPCA_linear-124,hcp
kPCA_rbf-121,hcp
kPCA_linear-121,hcp
kPCA_rbf-116,hcp
kPCA_linear-116,hcp
kPCA_rbf-109,hcp
kPCA_linear-109,hcp
kPCA_rbf-105,hcp
kPCA_linear-105,hcp
kPCA_rbf-101,hcp
kPCA_linear-101,hcp
kPCA_rbf-96,hcp
kPCA_linear-96,hcp
kPCA_rbf-93,hcp
kPCA_linear-93,hcp
kPCA_rbf-90,hcp
kPCA_linear-90,hcp
kPCA_rbf-85,hcp
kPCA_linear-85,hcp
kPCA_rbf-79,hcp
kPCA_linear-79,hcp
kPCA_rbf-78,hcp
kPCA_linear-78,hcp
kPCA_rbf-76,hcp
kPCA_linear-76,hcp
kPCA_rbf-75,hcp
kPCA_linear-75,hcp
kPCA_rbf-74,hcp
kPCA_linear-74,hcp
kPCA_rbf-71,hcp
kPCA_linear-71,hcp
kPCA_rbf-70,hcp
kPCA_linear-70,hcp
kPCA_rbf-66,hcp
kPCA_linear-66,hcp
kPCA_rbf-65,hcp
kPCA_linear-65,hcp
kPCA_rbf-63,hcp
kPCA_linear-63,hcp
kPCA_rbf-61,hcp
kPCA_linear-61,hcp
kPCA_rbf-60,hcp
kPCA_linear-60,hcp
kPCA_rbf-57,hcp
kPCA_linear-57,hcp
kPCA_rbf-55,hcp
kPCA_linear-55,hcp
kPCA_rbf-54,hcp
kPCA_linear-54,hcp
kPCA_rbf-53,hcp
kPCA_linear-53,hcp
kPCA_rbf-50,hcp
kPCA_linear-50,hcp
kPCA_rbf-49,hcp
kPCA_linear-49,hcp
kPCA_rbf-47,hcp
kPCA_linear-47,hcp
kPCA_rbf-46,hcp
kPCA_linear-46,hcp
kPCA_rbf-45,hcp
kPCA_linear-45,hcp
kPCA_rbf-44,hcp
kPCA_linear-44,hcp
kPCA_rbf-42,hcp
kPCA_linear-42,hcp
kPCA_rbf-41,hcp
kPCA_linear-41,hcp
kPCA_rbf-39,hcp
kPCA_linear-39,hcp
kPCA_rbf-38,hcp
kPCA_linear-38,hcp
kPCA_rbf-36,hcp
kPCA_linear-36,hcp
kPCA_rbf-35,hcp
kPCA_linear-35,hcp
kPCA_rbf-34,hcp
kPCA_linear-34,hcp
kPCA_rbf-32,hcp
kPCA_linear-32,hcp
kPCA_rbf-31,hcp
kPCA_linear-31,hcp
kPCA_rbf-30,hcp
kPCA_linear-30,hcp
kPCA_rbf-29,hcp
kPCA_linear-29,hcp
kPCA_rbf-27,hcp
kPCA_linear-27,hcp
kPCA_rbf-26,hcp
kPCA_linear-26,hcp
kPCA_rbf-24,hcp
kPCA_linear-24,hcp
kPCA_rbf-23,hcp
kPCA_linear-23,hcp
kPCA_rbf-22,hcp
kPCA_linear-22,hcp
kPCA_rbf-21,hcp
kPCA_linear-21,hcp
kPCA_rbf-20,hcp
kPCA_linear-20,hcp
kPCA_rbf-19,hcp
kPCA_linear-19,hcp
kPCA_rbf-18,hcp
kPCA_linear-18,hcp
kPCA_rbf-17,hcp
kPCA_linear-17,hcp
kPCA_rbf-16,hcp
kPCA_linear-16,hcp
kPCA_rbf-15,hcp
kPCA_linear-15,hcp
kPCA_rbf-14,hcp
kPCA_linear-14,hcp
kPCA_rbf-13,hcp
kPCA_linear-13,hcp
kPCA_rbf-12,hcp
kPCA_linear-12,hcp
kPCA_rbf-10,hcp
kPCA_linear-10,hcp
kPCA_rbf-9,hcp
kPCA_linear-9,hcp
kPCA_rbf-8,hcp
kPCA_linear-8,hcp
kPCA_rbf-7,hcp
kPCA_linear-7,hcp
kPCA_rbf-6,hcp
kPCA_linear-6,hcp
kPCA_rbf-5,hcp
kPCA_linear-5,hcp
kPCA_rbf-4,hcp
kPCA_linear-4,hcp
kPCA_rbf-3,hcp
kPCA_linear-3,hcp
kPCA_rbf-2,hcp
kPCA_linear-2,hcp
kPCA_rbf-1,hcp
kPCA_linear-1,hcp
TruncatedSVD_19877,hcp
TruncatedSVD_18386,hcp
TruncatedSVD_13745,hcp
TruncatedSVD_9857,hcp
TruncatedSVD_7402,hcp
TruncatedSVD_5773,hcp
TruncatedSVD_4586,hcp
TruncatedSVD_3754,hcp
TruncatedSVD_3125,hcp
TruncatedSVD_2656,hcp
TruncatedSVD_2271,hcp
TruncatedSVD_1958,hcp
TruncatedSVD_1727,hcp
TruncatedSVD_1522,hcp
TruncatedSVD_1331,hcp
TruncatedSVD_1184,hcp
TruncatedSVD_1064,hcp
TruncatedSVD_947,hcp
TruncatedSVD_857,hcp
TruncatedSVD_780,hcp
TruncatedSVD_709,hcp
TruncatedSVD_667,hcp
TruncatedSVD_616,hcp
TruncatedSVD_560,hcp
TruncatedSVD_513,hcp
TruncatedSVD_479,hcp
TruncatedSVD_450,hcp
TruncatedSVD_418,hcp
TruncatedSVD_390,hcp
TruncatedSVD_361,hcp
TruncatedSVD_342,hcp
TruncatedSVD_316,hcp
TruncatedSVD_294,hcp
TruncatedSVD_282,hcp
TruncatedSVD_271,hcp
TruncatedSVD_251,hcp
TruncatedSVD_242,hcp
TruncatedSVD_229,hcp
TruncatedSVD_214,hcp
TruncatedSVD_201,hcp
TruncatedSVD_191,hcp
TruncatedSVD_181,hcp
TruncatedSVD_172,hcp
TruncatedSVD_167,hcp
TruncatedSVD_162,hcp
TruncatedSVD_157,hcp
TruncatedSVD_152,hcp
TruncatedSVD_146,hcp
TruncatedSVD_142,hcp
TruncatedSVD_136,hcp
TruncatedSVD_132,hcp
TruncatedSVD_126,hcp
TruncatedSVD_124,hcp
TruncatedSVD_121,hcp
TruncatedSVD_116,hcp
TruncatedSVD_109,hcp
TruncatedSVD_105,hcp
TruncatedSVD_101,hcp
TruncatedSVD_96,hcp
TruncatedSVD_93,hcp
TruncatedSVD_90,hcp
TruncatedSVD_85,hcp
TruncatedSVD_79,hcp
TruncatedSVD_78,hcp
TruncatedSVD_76,hcp
TruncatedSVD_75,hcp
TruncatedSVD_74,hcp
TruncatedSVD_71,hcp
TruncatedSVD_70,hcp
TruncatedSVD_66,hcp
TruncatedSVD_65,hcp
TruncatedSVD_63,hcp
TruncatedSVD_61,hcp
TruncatedSVD_60,hcp
TruncatedSVD_57,hcp
TruncatedSVD_55,hcp
TruncatedSVD_54,hcp
TruncatedSVD_53,hcp
TruncatedSVD_50,hcp
TruncatedSVD_49,hcp
TruncatedSVD_47,hcp
TruncatedSVD_46,hcp
TruncatedSVD_45,hcp
TruncatedSVD_44,hcp
TruncatedSVD_42,hcp
TruncatedSVD_41,hcp
TruncatedSVD_39,hcp
TruncatedSVD_38,hcp
TruncatedSVD_36,hcp
TruncatedSVD_35,hcp
TruncatedSVD_34,hcp
TruncatedSVD_32,hcp
TruncatedSVD_31,hcp
TruncatedSVD_30,hcp
TruncatedSVD_29,hcp
TruncatedSVD_27,hcp
TruncatedSVD_26,hcp
TruncatedSVD_24,hcp
TruncatedSVD_23,hcp
TruncatedSVD_22,hcp
TruncatedSVD_21,hcp
TruncatedSVD_20,hcp
TruncatedSVD_19,hcp
TruncatedSVD_18,hcp
TruncatedSVD_17,hcp
TruncatedSVD_16,hcp
TruncatedSVD_15,hcp
TruncatedSVD_14,hcp
TruncatedSVD_13,hcp
TruncatedSVD_12,hcp
TruncatedSVD_10,hcp
TruncatedSVD_9,hcp
TruncatedSVD_8,hcp
TruncatedSVD_7,hcp
TruncatedSVD_6,hcp
TruncatedSVD_5,hcp
TruncatedSVD_4,hcp
TruncatedSVD_3,hcp
TruncatedSVD_2,hcp
TruncatedSVD_1,hcp
